date,regionnavn,tests,cases,pospct,rm
2020-03-04,Hovedstaden,32,2,0.0625,0.11133660616743324
2020-03-05,Hovedstaden,36,10,0.2777777777777778,0.12637420015239564
2020-03-06,Hovedstaden,49,0,0,0.17998937478667856
2020-03-07,Hovedstaden,48,8,0.16666666666666666,0.21897701285265764
2020-03-08,Hovedstaden,76,12,0.15789473684210525,0.2549464006077597
2020-03-09,Hovedstaden,157,71,0.45222929936305734,0.23185372267637208
2020-03-10,Hovedstaden,279,116,0.4157706093189964,0.24419940168871773
2020-03-11,Hovedstaden,280,88,0.3142857142857143,0.23092312343548096
2020-03-12,Hovedstaden,155,18,0.11612903225806452,0.22144888839733617
2020-03-13,Hovedstaden,243,21,0.08641975308641975,0.17539757846977508
2020-03-14,Hovedstaden,217,16,0.07373271889400922,0.13461879841508564
2020-03-15,Hovedstaden,273,25,0.09157509157509157,0.10434161291401954
2020-03-16,Hovedstaden,385,50,0.12987012987012986,0.10243065024543627
2020-03-17,Hovedstaden,376,49,0.13031914893617022,0.10948532396677665
2020-03-18,Hovedstaden,469,48,0.1023454157782516,0.11688929814143133
2020-03-19,Hovedstaden,545,56,0.10275229357798166,0.1285596174496573
2020-03-20,Hovedstaden,405,55,0.13580246913580246,0.1355296059864661
2020-03-21,Hovedstaden,223,28,0.12556053811659193,0.14429970536123973
2020-03-22,Hovedstaden,202,35,0.17326732673267325,0.15131497198687183
2020-03-23,Hovedstaden,403,72,0.17866004962779156,0.159711001605366
2020-03-24,Hovedstaden,386,74,0.19170984455958548,0.15756666018709722
2020-03-25,Hovedstaden,482,73,0.15145228215767634,0.1639412748945722
2020-03-26,Hovedstaden,551,89,0.16152450090744103,0.15574905503411848
2020-03-27,Hovedstaden,1010,122,0.12079207920792079,0.14664303591221212
2020-03-28,Hovedstaden,711,121,0.170182841068917,0.13379756253864636
2020-03-29,Hovedstaden,716,83,0.11592178770949721,0.1263258281794154
2020-03-30,Hovedstaden,1401,161,0.11491791577444682,0.11596450166563879
2020-03-31,Hovedstaden,1228,125,0.10179153094462541,0.11167722464196779
2020-04-01,Hovedstaden,1412,140,0.09915014164305949,0.10119655903471991
2020-04-02,Hovedstaden,2090,186,0.08899521531100478,0.09754279485352006
2020-04-03,Hovedstaden,2842,258,0.09078114004222379,0.09280609349850025
2020-04-04,Hovedstaden,2200,213,0.09681818181818182,0.08829531041822748
2020-04-05,Hovedstaden,1129,102,0.09034543844109831,0.0839587233727771
2020-04-06,Hovedstaden,2703,221,0.08176100628930817,0.07950404975691927
2020-04-07,Hovedstaden,2592,182,0.07021604938271606,0.07835156612900732
2020-04-08,Hovedstaden,2413,166,0.06879403232490676,0.07557837697506505
2020-04-09,Hovedstaden,1280,74,0.0578125,0.07599026513271549
2020-04-10,Hovedstaden,1076,89,0.08271375464684015,0.07877666748921579
2020-04-11,Hovedstaden,956,74,0.07740585774058577,0.07580437893433135
2020-04-12,Hovedstaden,1019,95,0.09322865554465162,0.07314360775421339
2020-04-13,Hovedstaden,948,96,0.10126582278481013,0.07114729138792016
2020-04-14,Hovedstaden,2712,134,0.049410029498525077,0.06582454721759234
2020-04-15,Hovedstaden,2372,119,0.050168634064080946,0.06302420585580759
2020-04-16,Hovedstaden,2053,90,0.043838285435947394,0.060167153880384024
2020-04-17,Hovedstaden,1936,88,0.045454545454545456,0.05315169326813428
2020-04-18,Hovedstaden,1038,60,0.057803468208092484,0.05045184051967984
2020-04-19,Hovedstaden,833,61,0.07322929171668667,0.04863155200786956
2020-04-20,Hovedstaden,2665,139,0.052157598499061916,0.046928210319451547
2020-04-21,Hovedstaden,3933,120,0.03051106025934401,0.04357914974147531
2020-04-22,Hovedstaden,4088,153,0.037426614481409,0.03768420146849346
2020-04-23,Hovedstaden,4324,138,0.031914893617021274,0.03040502011968426
2020-04-24,Hovedstaden,4316,95,0.02201112140871177,0.026152784025923363
2020-04-25,Hovedstaden,4172,69,0.01653883029721956,0.023953045628661962
2020-04-26,Hovedstaden,3367,75,0.022275022275022274,0.021159884987628014
2020-04-27,Hovedstaden,5761,129,0.022391945842735635,0.01917242204556079
2020-04-28,Hovedstaden,5492,83,0.015112891478514202,0.018139666754633
2020-04-29,Hovedstaden,5147,92,0.017874489994171364,0.01784633592438942
2020-04-30,Hovedstaden,5277,95,0.01800265302255069,0.016645015493213986
2020-05-01,Hovedstaden,5615,83,0.014781834372217275,0.01521370160562327
2020-05-02,Hovedstaden,4004,58,0.014485514485514486,0.014728551817515173
2020-05-03,Hovedstaden,3606,50,0.013865779256794232,0.014298360427322692
2020-05-04,Hovedstaden,6385,79,0.012372748629600626,0.013711768222418957
2020-05-05,Hovedstaden,6145,72,0.011716842961757526,0.01345397613252361
2020-05-06,Hovedstaden,5517,82,0.014863150262823999,0.013463799108646507
2020-05-07,Hovedstaden,5469,76,0.01389650758822454,0.013470733086242099
2020-05-08,Hovedstaden,4007,52,0.012977289742949838,0.01290590124559557
2020-05-09,Hovedstaden,3298,48,0.014554275318374773,0.012187724029127808
2020-05-10,Hovedstaden,2731,38,0.013914317099963384,0.011078992088139391
2020-05-11,Hovedstaden,5939,50,0.008418925745074928,0.01003292021952
2020-05-12,Hovedstaden,5232,35,0.0066896024464831805,0.009765107880393715
2020-05-13,Hovedstaden,5773,41,0.007102026675905075,0.008465382670359577
2020-05-14,Hovedstaden,5324,35,0.006574004507888805,0.008029329962215843
2020-05-15,Hovedstaden,5224,58,0.01110260336906585,0.008175513452434325
2020-05-16,Hovedstaden,3299,18,0.005456198848135798,0.008208904061589693
2020-05-17,Hovedstaden,2854,31,0.010861948142957253,0.008504482513280754
2020-05-18,Hovedstaden,5719,54,0.009442210176604302,0.008560859171437007
2020-05-19,Hovedstaden,5922,41,0.006923336710570753,0.008520915671942499
2020-05-20,Hovedstaden,5670,52,0.009171075837742505,0.008898681359239938
2020-05-21,Hovedstaden,3444,24,0.006968641114982578,0.008466481898411251
2020-05-22,Hovedstaden,4435,48,0.010822998872604284,0.008080726925818361
2020-05-23,Hovedstaden,3580,29,0.008100558659217877,0.00825209354643938
2020-05-24,Hovedstaden,3573,28,0.00783655191715645,0.008016438422668552
2020-05-25,Hovedstaden,6378,43,0.006741925368454061,0.0077742139319352315
2020-05-26,Hovedstaden,5663,46,0.008122903054917889,0.007064016899380776
2020-05-27,Hovedstaden,5584,42,0.007521489971346705,0.006874604038112326
2020-05-28,Hovedstaden,5310,28,0.005273069679849341,0.0064158986698620414
2020-05-29,Hovedstaden,4785,28,0.005851619644723093,0.006278964461449871
2020-05-30,Hovedstaden,3395,23,0.006774668630338734,0.0058312763641127224
2020-05-31,Hovedstaden,3459,16,0.004625614339404453,0.005592630981623952
2020-06-01,Hovedstaden,3804,22,0.0057833859095688745,0.00556300189039916
2020-06-02,Hovedstaden,6414,32,0.004989086373557842,0.005618719178271658
2020-06-03,Hovedstaden,5811,34,0.005850972293925314,0.005082265007049981
2020-06-04,Hovedstaden,5330,27,0.005065666041275798,0.004993709024371928
2020-06-05,Hovedstaden,4486,28,0.006241640659830584,0.004762578136235956
2020-06-06,Hovedstaden,3643,11,0.0030194894317869887,0.004497612705471829
2020-06-07,Hovedstaden,3495,14,0.004005722460658083,0.004089880295749285
2020-06-08,Hovedstaden,6962,29,0.004165469692617064,0.004111814672793393
2020-06-09,Hovedstaden,6700,21,0.003134328358208955,0.0037913166782221333
2020-06-10,Hovedstaden,6340,19,0.002996845425867508,0.00392215775477949
2020-06-11,Hovedstaden,6706,35,0.005219206680584551,0.00366250937574831
2020-06-12,Hovedstaden,6503,26,0.00399815469783177,0.003691360483138804
2020-06-13,Hovedstaden,4828,19,0.003935376967688484,0.0037461219528810894
2020-06-14,Hovedstaden,4113,9,0.002188183807439825,0.0040983292962147744
2020-06-15,Hovedstaden,7098,31,0.004367427444350521,0.004051052364191922
2020-06-16,Hovedstaden,7107,25,0.003517658646404953,0.003961699019018653
2020-06-17,Hovedstaden,7506,41,0.005462296829203304,0.004160054977621147
2020-06-18,Hovedstaden,7160,35,0.004888268156424581,0.0045524372694126375
2020-06-19,Hovedstaden,7116,24,0.003372681281618887,0.004613306252288818
2020-06-20,Hovedstaden,5635,30,0.005323868677905945,0.004253266713171605
2020-06-21,Hovedstaden,5066,25,0.00493485984998026,0.003753087260272513
2020-06-22,Hovedstaden,8136,39,0.004793510324483776,0.003418678971216347
2020-06-23,Hovedstaden,8021,8,9.973818725844657e-4,0.0032079435319609514
2020-06-24,Hovedstaden,7649,15,0.0019610406589096615,0.0026622136349024224
2020-06-25,Hovedstaden,7066,18,0.002547410133031418,0.0021369281756509744
2020-06-26,Hovedstaden,6324,12,0.0018975332068311196,0.0018514063381917813
2020-06-27,Hovedstaden,3990,6,0.0015037593984962407,0.0019199070310780522
2020-06-28,Hovedstaden,3975,5,0.0012578616352201257,0.0017705400037775177
2020-06-29,Hovedstaden,7156,20,0.002794857462269424,0.00174349474379033
2020-06-30,Hovedstaden,6771,10,0.001476886722788362,0.0017486408549908362
2020-07-01,Hovedstaden,6554,6,9.1547146780592e-4,0.0018854231609544022
2020-07-02,Hovedstaden,5937,14,0.002358093313121105,0.001993457026042363
2020-07-03,Hovedstaden,5689,11,0.0019335559852346634,0.0017036943133031883
2020-07-04,Hovedstaden,4063,10,0.002461235540241201,0.0016956005518949091
2020-07-05,Hovedstaden,3972,8,0.002014098690835851,0.0019851171041426058
2020-07-06,Hovedstaden,6523,5,7.665184730952016e-4,0.00218751518658035
2020-07-07,Hovedstaden,6337,9,0.0014202303929304087,0.0024815314114298033
2020-07-08,Hovedstaden,6458,19,0.0029420873335397955,0.0028587893080134217
2020-07-09,Hovedstaden,5828,22,0.0037748798901853123,0.0030715614241088006
2020-07-10,Hovedstaden,5762,23,0.00399166955918084,0.0032703391969578313
2020-07-11,Hovedstaden,3920,20,0.00510204081632653,0.003466667513274645
2020-07-12,Hovedstaden,3996,14,0.0035035035035035035,0.00369667349730221
2020-07-13,Hovedstaden,6951,15,0.0021579628830384117,0.003896784758732987
2020-07-14,Hovedstaden,6799,19,0.00279452860714811,0.003797204428583716
2020-07-15,Hovedstaden,6810,31,0.004552129221732746,0.004067342453823782
2020-07-16,Hovedstaden,6376,33,0.005175658720200753,0.004130134082880472
2020-07-17,Hovedstaden,5767,19,0.003294607248135946,0.004258090402150603
2020-07-18,Hovedstaden,4290,30,0.006993006993006993,0.0044257654537371545
2020-07-19,Hovedstaden,4565,18,0.003943044906900329,0.00424300920286608
2020-07-20,Hovedstaden,6877,21,0.0030536571179293295,0.004273633449604881
2020-07-21,Hovedstaden,6804,27,0.003968253968253968,0.0042715788326868126
2020-07-22,Hovedstaden,6722,22,0.0032728354656352274,0.0035381664074751727
2020-07-23,Hovedstaden,6679,36,0.005390028447372361,0.003277484289265858
2020-07-24,Hovedstaden,6402,21,0.0032802249297094657,0.003253870223675516
2020-07-25,Hovedstaden,4841,9,0.0018591200165255113,0.0032199595487642546
2020-07-26,Hovedstaden,5665,12,0.002118270079435128,0.0031626527349907546
2020-07-27,Hovedstaden,7963,23,0.002888358658796936,0.0028451688604427122
2020-07-28,Hovedstaden,8041,30,0.00373087924387514,0.0026220892093072137
2020-07-29,Hovedstaden,7661,22,0.0028716877692207283,0.002608320030647667
2020-07-30,Hovedstaden,8208,26,0.003167641325536062,0.00275548513174357
2020-07-31,Hovedstaden,7564,13,0.001718667371760973,0.002696636051106811
2020-08-01,Hovedstaden,5673,10,0.0017627357659086903,0.0025551285372584073
2020-08-02,Hovedstaden,6670,21,0.0031484257871064467,0.0026192241737467807
2020-08-03,Hovedstaden,8480,21,0.0024764150943396225,0.002742873608721891
2020-08-04,Hovedstaden,9123,25,0.002740326646936315,0.0028271976385699374
2020-08-05,Hovedstaden,8734,29,0.0033203572246393405,0.002974420541923764
2020-08-06,Hovedstaden,8678,35,0.004033187370361835,0.00332732363383011
2020-08-07,Hovedstaden,8662,20,0.0023089355806972986,0.003618604878584971
2020-08-08,Hovedstaden,6802,19,0.002793296089385475,0.003800392656378751
2020-08-09,Hovedstaden,7297,41,0.005618747430450871,0.004040118479734375
2020-08-10,Hovedstaden,9523,43,0.004515383807623648,0.003952693357021327
2020-08-11,Hovedstaden,9968,40,0.0040128410914927765,0.004382134848561936
2020-08-12,Hovedstaden,9603,48,0.00499843798812871,0.0044373282984316925
2020-08-13,Hovedstaden,9938,34,0.003421211511370497,0.004135610267747762
2020-08-14,Hovedstaden,9031,48,0.0053150260214815635,0.0038769078714414457
2020-08-15,Hovedstaden,8177,26,0.003179650238473768,0.0038012748953200792
2020-08-16,Hovedstaden,8555,30,0.0035067212156633548,0.00350495919555755
2020-08-17,Hovedstaden,10723,29,0.0027044670334794366,0.003326801833037408
2020-08-18,Hovedstaden,11483,40,0.0034834102586432116,0.0029922761265750546
2020-08-19,Hovedstaden,11627,34,0.0029242280897910037,0.0029717565782695177
2020-08-20,Hovedstaden,11039,24,0.0021741099737295046,0.0028022849322177595
2020-08-21,Hovedstaden,9417,28,0.0029733460762450888,0.002722756259295562
2020-08-22,Hovedstaden,9552,29,0.0030360134003350084,0.0026360945092937225
2020-08-23,Hovedstaden,9912,23,0.002320419693301049,0.0026149894057015785
2020-08-24,Hovedstaden,11640,25,0.002147766323024055,0.002581841621973053
2020-08-25,Hovedstaden,12514,36,0.002876778008630334,0.002697862033793831
2020-08-26,Hovedstaden,12966,36,0.002776492364645997,0.002843656225776922
2020-08-27,Hovedstaden,11843,23,0.0019420754876298236,0.003237551789038605
2020-08-28,Hovedstaden,11095,42,0.0037854889589905363,0.003623190677590985
2020-08-29,Hovedstaden,9121,37,0.004056572744216643,0.004202321400544785
2020-08-30,Hovedstaden,9847,50,0.0050776886361328325,0.004706752440849566
2020-08-31,Hovedstaden,13616,66,0.004847238542890717,0.005701957862650375
2020-09-01,Hovedstaden,13130,91,0.006930693069306931,0.006425788905471131
2020-09-02,Hovedstaden,13476,85,0.00630750964677946,0.007227123644285314
2020-09-03,Hovedstaden,12909,115,0.008908513440235495,0.008261954043121848
2020-09-04,Hovedstaden,12878,114,0.008852306258735829,0.008874349098578932
2020-09-05,Hovedstaden,10656,103,0.009665915915915917,0.009108784453635981
2020-09-06,Hovedstaden,12255,151,0.012321501427988575,0.009499412469170453
2020-09-07,Hovedstaden,17298,158,0.0091340039310903,0.00972620064755137
2020-09-08,Hovedstaden,18316,157,0.008571740554706268,0.00990614103183519
2020-09-09,Hovedstaden,17253,156,0.009041905755520779,0.010029783424119391
2020-09-10,Hovedstaden,18769,197,0.010496030688901913,0.009683747539306993
2020-09-11,Hovedstaden,16713,169,0.010111888948722551,0.009815064541294516
2020-09-12,Hovedstaden,16522,174,0.010531412661905338,0.010106725032645427
2020-09-13,Hovedstaden,17072,169,0.009899250234301781,0.010636107250628432
2020-09-14,Hovedstaden,21983,221,0.010053222945002957,0.01107754937386056
2020-09-15,Hovedstaden,22613,240,0.01061336399416265,0.011366406840241497
2020-09-16,Hovedstaden,24083,307,0.01274758128140182,0.011865488995841078
2020-09-17,Hovedstaden,22891,311,0.013586125551526801,0.012277551953624352
2020-09-18,Hovedstaden,21510,261,0.012133891213389121,0.012727426830613365
2020-09-19,Hovedstaden,16328,229,0.0140249877511024,0.013044614197830373
2020-09-20,Hovedstaden,17757,227,0.012783690938784705,0.013088113510017345
2020-09-21,Hovedstaden,22496,297,0.01320234708392603,0.012956274788446298
2020-09-22,Hovedstaden,23376,300,0.012833675564681724,0.012683179218279597
2020-09-23,Hovedstaden,22755,297,0.013052076466710614,0.012319104796067218
2020-09-24,Hovedstaden,22664,287,0.012663254500529474,0.012131071285806346
2020-09-25,Hovedstaden,20250,207,0.010222222222222223,0.011700645766875234
2020-09-26,Hovedstaden,15510,178,0.011476466795615732,0.011234455259606622
2020-09-27,Hovedstaden,15871,182,0.011467456366958603,0.010716275319972515
2020-09-28,Hovedstaden,20806,212,0.010189368451408248,0.010310987999816416
2020-09-29,Hovedstaden,19853,190,0.00957034201380144,0.010090688831967384
2020-09-30,Hovedstaden,18568,175,0.009424816889271865,0.010104736882537465
2020-10-01,Hovedstaden,16690,164,0.009826243259436788,0.010055281332944092
2020-10-02,Hovedstaden,16244,141,0.008680128047278995,0.009803656640283613
2020-10-03,Hovedstaden,12700,147,0.0115748031496063,0.009812068523285993
2020-10-04,Hovedstaden,13128,146,0.011121267519804997,0.009638146946407813
2020-10-05,Hovedstaden,19103,161,0.008427995602784902,0.009386041098253032
2020-10-06,Hovedstaden,20147,194,0.009629225194818087,0.00958230582101499
2020-10-07,Hovedstaden,19251,158,0.008207365851124616,0.009401938435686364
2020-10-08,Hovedstaden,18731,151,0.008061502322353318,0.009173201475891858
2020-10-09,Hovedstaden,14820,149,0.010053981106612686,0.009353325622468435
2020-10-10,Hovedstaden,10473,108,0.01031223145230593,0.009552941283567045
2020-10-11,Hovedstaden,10294,98,0.009520108801243442,0.01050712951259254
2020-10-12,Hovedstaden,14656,142,0.00968886462882096,0.011270805668410305
2020-10-13,Hovedstaden,14057,155,0.01102653482250836,0.012040405006121097
2020-10-14,Hovedstaden,13502,201,0.014886683454303067,0.01357986270924163
2020-10-15,Hovedstaden,13351,179,0.013407235413077673,0.014962033730690149
2020-10-16,Hovedstaden,12240,189,0.015441176470588236,0.015864250892708404
2020-10-17,Hovedstaden,10290,217,0.02108843537414966,0.016824292619818177
2020-10-18,Hovedstaden,11930,229,0.01919530595138307,0.017420827556628996
2020-10-19,Hovedstaden,18245,292,0.016004384762948753,0.018563405400441383
2020-10-20,Hovedstaden,17806,316,0.01774682691227676,0.01930221067185357
2020-10-21,Hovedstaden,17364,331,0.019062428011978806,0.01969894972240277
2020-10-22,Hovedstaden,19014,407,0.021405280319764384,0.020237485365195353
2020-10-23,Hovedstaden,17950,370,0.020612813370473538,0.020567878787966756
2020-10-24,Hovedstaden,16132,385,0.02386560872799405,0.021115904540737165
2020-10-25,Hovedstaden,19116,439,0.02296505545093116,0.021339529494823473
2020-10-26,Hovedstaden,24185,443,0.018317138722348563,0.020946553256619687
2020-10-27,Hovedstaden,26317,568,0.021583007181669642,0.02101753223700965
2020-10-28,Hovedstaden,25645,529,0.02062780269058296,0.02130691636832189
2020-10-29,Hovedstaden,24659,460,0.01865444665233789,0.021407471338515793
2020-10-30,Hovedstaden,23070,487,0.021109666233203293,0.02187776041886725
2020-10-31,Hovedstaden,19466,504,0.0258912976471797,0.02169602285357953
2020-11-01,Hovedstaden,19646,465,0.023668940242288508,0.02171314105775846
2020-11-02,Hovedstaden,27766,600,0.021609162284808758,0.021370777699904947
2020-11-03,Hovedstaden,28310,575,0.020310844224655598,0.020917821973253797
2020-11-04,Hovedstaden,27955,580,0.02074763011983545,0.01974645626374562
2020-11-05,Hovedstaden,28786,468,0.016257903147363303,0.01874511728901682
2020-11-06,Hovedstaden,25531,458,0.017938976146645254,0.01813288220174197
2020-11-07,Hovedstaden,21592,382,0.017691737680622453,0.017779017798796728
2020-11-08,Hovedstaden,21129,352,0.0166595674191869,0.017240666449854773
2020-11-09,Hovedstaden,27708,480,0.0173235166738848,0.017565269735358654
2020-11-10,Hovedstaden,27532,491,0.017833793404038935,0.017916747806977024
2020-11-11,Hovedstaden,25973,441,0.01697917067724175,0.018745922323120195
2020-11-12,Hovedstaden,25526,473,0.018530126145890464,0.0194362130659284
2020-11-13,Hovedstaden,25393,518,0.020399322647973853,0.01996507107754879
2020-11-14,Hovedstaden,20046,471,0.023495959293624663,0.020464286809732717
2020-11-15,Hovedstaden,21078,453,0.021491602618844294,0.02108429699619922
2020-11-16,Hovedstaden,26016,547,0.021025522755227552,0.021507776933622734
2020-11-17,Hovedstaden,27569,588,0.021328303529326416,0.021754170333003222
2020-11-18,Hovedstaden,27440,585,0.02131924198250729,0.021696976306311393
2020-11-19,Hovedstaden,26658,573,0.021494485707855053,0.02086388382608659
2020-03-04,Midtjylland,16,0,0,0.005291005291005291
2020-03-05,Midtjylland,19,0,0,0.047195767195767194
2020-03-06,Midtjylland,41,0,0,0.07766293036435216
2020-03-07,Midtjylland,27,1,0.037037037037037035,0.1164769465368589
2020-03-08,Midtjylland,75,22,0.29333333333333333,0.13451446457437694
2020-03-09,Midtjylland,211,45,0.2132701421800948,0.1388932275738296
2020-03-10,Midtjylland,265,72,0.27169811320754716,0.144298632979235
2020-03-11,Midtjylland,198,25,0.12626262626262627,0.14476026431334957
2020-03-12,Midtjylland,261,8,0.03065134099616858,0.10644939279493086
2020-03-13,Midtjylland,185,7,0.03783783783783784,0.07700263778961121
2020-03-14,Midtjylland,149,6,0.040268456375838924,0.042713508494932516
2020-03-15,Midtjylland,159,4,0.025157232704402517,0.02979465029920136
2020-03-16,Midtjylland,280,2,0.007142857142857143,0.03078141379203576
2020-03-17,Midtjylland,221,7,0.03167420814479638,0.032003401611961725
2020-03-18,Midtjylland,307,11,0.035830618892508145,0.0349615663805701
2020-03-19,Midtjylland,639,24,0.03755868544600939,0.04519256078685362
2020-03-20,Midtjylland,194,9,0.04639175257731959,0.05917215262358831
2020-03-21,Midtjylland,82,5,0.06097560975609756,0.06607583717433167
2020-03-22,Midtjylland,93,9,0.0967741935483871,0.07486362486731092
2020-03-23,Midtjylland,200,21,0.105,0.08373109784787573
2020-03-24,Midtjylland,200,16,0.08,0.08990452387497652
2020-03-25,Midtjylland,226,22,0.09734513274336283,0.09873758213037111
2020-03-26,Midtjylland,271,27,0.0996309963099631,0.09370390612895317
2020-03-27,Midtjylland,279,25,0.08960573476702509,0.09223079494452559
2020-03-28,Midtjylland,171,21,0.12280701754385964,0.09205081744171344
2020-03-29,Midtjylland,130,8,0.06153846153846154,0.08972738148995892
2020-03-30,Midtjylland,433,41,0.09468822170900693,0.08159938812211313
2020-03-31,Midtjylland,635,50,0.07874015748031496,0.07858330468181406
2020-04-01,Midtjylland,666,54,0.08108108108108109,0.0702958473776465
2020-04-02,Midtjylland,1170,50,0.042735042735042736,0.0702958473776465
2020-04-03,Midtjylland,1022,70,0.0684931506849315,0.0649223807026345
2020-04-04,Midtjylland,463,30,0.06479481641468683,0.06219871573580056
2020-04-05,Midtjylland,325,20,0.06153846153846154,0.057618505273237156
2020-04-06,Midtjylland,1244,71,0.05707395498392283,0.05896409845556504
2020-04-07,Midtjylland,1106,66,0.059674502712477394,0.05519067806068797
2020-04-08,Midtjylland,1020,50,0.049019607843137254,0.05747143214600078
2020-04-09,Midtjylland,441,23,0.05215419501133787,0.058815358489927125
2020-04-10,Midtjylland,404,17,0.04207920792079208,0.06256669825412862
2020-04-11,Midtjylland,421,34,0.08076009501187649,0.06072005036372825
2020-04-12,Midtjylland,296,21,0.07094594594594594,0.057566693212484525
2020-04-13,Midtjylland,372,31,0.08333333333333333,0.05527960511275811
2020-04-14,Midtjylland,984,46,0.046747967479674794,0.052923144295851696
2020-04-15,Midtjylland,1002,27,0.02694610778443114,0.0470207243587888
2020-04-16,Midtjylland,1162,42,0.03614457831325301,0.04491127140663921
2020-04-17,Midtjylland,899,23,0.025583982202447165,0.036159553401950074
2020-04-18,Midtjylland,431,17,0.03944315545243619,0.03104540163478068
2020-04-19,Midtjylland,267,15,0.056179775280898875,0.02944015431330749
2020-04-20,Midtjylland,1178,26,0.022071307300509338,0.02626941931202449
2020-04-21,Midtjylland,1644,18,0.010948905109489052,0.02411248426784688
2020-04-22,Midtjylland,2037,32,0.015709376534118802,0.02039396291934899
2020-04-23,Midtjylland,2294,32,0.013949433304272014,0.013677295484596268
2020-04-24,Midtjylland,2575,27,0.010485436893203883,0.011309660433463204
2020-04-25,Midtjylland,2162,29,0.01341350601295097,0.01078041535443525
2020-04-26,Midtjylland,1637,15,0.00916310323762981,0.009281636579193689
2020-04-27,Midtjylland,3274,18,0.005497861942577886,0.007889821931330655
2020-04-28,Midtjylland,3313,24,0.00724418955629339,0.007188873883427251
2020-04-29,Midtjylland,3258,17,0.0052179251074278695,0.0064827997201443045
2020-04-30,Midtjylland,3328,14,0.004206730769230769,0.005913211177176189
2020-05-01,Midtjylland,2868,16,0.005578800557880056,0.005461678209877491
2020-05-02,Midtjylland,2361,20,0.00847098686997035,0.004803105196920013
2020-05-03,Midtjylland,1932,10,0.005175983436853002,0.004371199708169475
2020-05-04,Midtjylland,3423,8,0.0023371311714869996,0.00435048651600015
2020-05-05,Midtjylland,3037,8,0.0026341784655910436,0.004019758946560366
2020-05-06,Midtjylland,2734,6,0.0021945866861741038,0.003090280328313128
2020-05-07,Midtjylland,2462,10,0.004061738424045491,0.0026699691108156725
2020-05-08,Midtjylland,1532,5,0.0032637075718015664,0.002468205260176962
2020-05-09,Midtjylland,1527,3,0.0019646365422396855,0.002137814058154014
2020-05-10,Midtjylland,1343,3,0.0022338049143708115,0.002022921268237787
2020-05-11,Midtjylland,3244,3,9.247842170160296e-4,0.0016807681600408124
2020-05-12,Midtjylland,3111,1,3.214400514304082e-4,0.0014956007442954266
2020-05-13,Midtjylland,2877,4,0.0013903371567605145,0.0016170696769864294
2020-05-14,Midtjylland,2400,4,0.0016666666666666668,0.0020877661217396566
2020-05-15,Midtjylland,2033,4,0.001967535661583866,0.002296253545778239
2020-05-16,Midtjylland,1421,4,0.0028149190710767065,0.0024922183045284685
2020-05-17,Midtjylland,1447,8,0.0055286800276434,0.002293598710705538
2020-05-18,Midtjylland,2936,7,0.0023841961852861036,0.0021359863699946056
2020-05-19,Midtjylland,2953,5,0.0016931933626820183,0.0020643777983146315
2020-05-20,Midtjylland,2839,0,0,0.001830017662584103
2020-05-21,Midtjylland,1775,1,5.633802816901409e-4,0.0010402062300636171
2020-05-22,Midtjylland,2046,3,0.001466275659824047,7.376108034497584e-4
2020-05-23,Midtjylland,1703,2,0.0011743981209630064,5.820445526738637e-4
2020-05-24,Midtjylland,1738,0,0,6.771875049596731e-4
2020-05-25,Midtjylland,3759,1,2.6602819898909286e-4,5.967046075753673e-4
2020-05-26,Midtjylland,3310,2,6.042296072507553e-4,3.87236656171932e-4
2020-05-27,Midtjylland,3003,2,6.66000666000666e-4,2.1946549603435968e-4
2020-05-28,Midtjylland,2327,0,0,2.1946549603435968e-4
2020-05-29,Midtjylland,1937,0,0,4.675572143172454e-4
2020-05-30,Midtjylland,1068,0,0,5.368565016723351e-4
2020-05-31,Midtjylland,1323,0,0,4.417135493865257e-4
2020-06-01,Midtjylland,1498,3,0.0020026702269692926,8.198425670073379e-4
2020-06-02,Midtjylland,2754,3,0.0010893246187363835,8.198425670073379e-4
2020-06-03,Midtjylland,2279,0,0,9.249618774246617e-4
2020-06-04,Midtjylland,1889,5,0.0026469031233456856,9.249618774246617e-4
2020-06-05,Midtjylland,1276,0,0,7.847876249508636e-4
2020-06-06,Midtjylland,1359,1,7.358351729212656e-4,6.793479546441506e-4
2020-06-07,Midtjylland,1340,0,0,7.794931651994558e-4
2020-06-08,Midtjylland,2937,3,0.0010214504596527069,4.599601864864134e-4
2020-06-09,Midtjylland,2847,1,3.5124692658939234e-4,7.090572097769851e-4
2020-06-10,Midtjylland,2853,2,7.010164738871364e-4,7.782602213329901e-4
2020-06-11,Midtjylland,2438,1,4.1017227235438887e-4,8.742018887991707e-4
2020-06-12,Midtjylland,2294,4,0.0017436791630340018,7.782479156743474e-4
2020-06-13,Midtjylland,1639,2,0.0012202562538133007,9.758275752869921e-4
2020-06-14,Midtjylland,1489,1,6.71591672263264e-4,0.0010184919044089371
2020-06-15,Midtjylland,2859,1,3.497726477789437e-4,0.0010123590101420571
2020-06-16,Midtjylland,2883,5,0.001734304543877905,8.733214189448159e-4
2020-06-17,Midtjylland,3001,3,9.99666777740753e-4,8.463504562877769e-4
2020-06-18,Midtjylland,2723,1,3.672420124862284e-4,8.214819942231601e-4
2020-06-19,Midtjylland,2596,2,7.704160246533128e-4,8.140441375528299e-4
2020-06-20,Midtjylland,1939,2,0.0010314595152140279,7.159141464156691e-4
2020-06-21,Midtjylland,2010,1,4.975124378109452e-4,6.960453493005037e-4
2020-06-22,Midtjylland,3359,1,2.9770765108663293e-4,8.919430232568721e-4
2020-06-23,Midtjylland,3819,4,0.0010473946059177796,9.329485994721171e-4
2020-06-24,Midtjylland,3486,3,8.605851979345956e-4,0.0010208175631917376
2020-06-25,Midtjylland,2876,5,0.0017385257301808068,0.0012546688889687075
2020-06-26,Midtjylland,2837,3,0.0010574550581600281,0.001254131330011929
2020-06-27,Midtjylland,1822,3,0.001646542261251372,0.001186487542283974
2020-06-28,Midtjylland,1874,4,0.0021344717182497333,0.0011498653150434253
2020-06-29,Midtjylland,3402,1,2.9394473838918284e-4,9.574391647535841e-4
2020-06-30,Midtjylland,3485,2,5.738880918220947e-4,9.270815014869543e-4
2020-07-01,Midtjylland,3310,2,6.042296072507553e-4,6.918611784510441e-4
2020-07-02,Midtjylland,2554,1,3.9154267815191856e-4,4.7082222734129696e-4
2020-07-03,Midtjylland,2367,2,8.449514152936206e-4,4.28830121857128e-4
2020-07-04,Midtjylland,1763,0,0,3.928696728044871e-4
2020-07-05,Midtjylland,1703,1,5.871990604815032e-4,3.543614462570948e-4
2020-07-06,Midtjylland,3197,0,0,5.313776835463234e-4
2020-07-07,Midtjylland,3104,1,3.2216494845360824e-4,4.1067033850437755e-4
2020-07-08,Midtjylland,2988,1,3.3467202141900936e-4,4.1067033850437755e-4
2020-07-09,Midtjylland,2453,4,0.0016306563391765185,4.155710498321997e-4
2020-07-10,Midtjylland,2457,0,0,6.739801113766245e-4
2020-07-11,Midtjylland,1821,0,0,8.170460812061224e-4
2020-07-12,Midtjylland,1609,1,6.215040397762585e-4,9.146128034806311e-4
2020-07-13,Midtjylland,3317,6,0.0018088634308109737,9.619938108689597e-4
2020-07-14,Midtjylland,3022,4,0.0013236267372600927,0.0010183922091544484
2020-07-15,Midtjylland,2948,3,0.0010176390773405698,0.0010183922091544484
2020-07-16,Midtjylland,2548,5,0.0019623233908948193,9.967380337621364e-4
2020-07-17,Midtjylland,2533,1,3.9478878799842083e-4,8.592918366183407e-4
2020-07-18,Midtjylland,2226,0,0,7.609052505698468e-4
2020-07-19,Midtjylland,2128,1,4.6992481203007516e-4,6.15528239521194e-4
2020-07-20,Midtjylland,3543,3,8.46740050804403e-4,4.4264810754948995e-4
2020-07-21,Midtjylland,3150,2,6.349206349206349e-4,7.537278902470054e-4
2020-07-22,Midtjylland,3100,0,0,0.0010417463234267288
2020-07-23,Midtjylland,2659,2,7.52162467092892e-4,0.00120428807053681
2020-07-24,Midtjylland,3110,8,0.002572347266881029,0.001300488331837437
2020-07-25,Midtjylland,2480,5,0.0020161290322580645,0.0016302626256609264
2020-07-26,Midtjylland,2488,4,0.001607717041800643,0.001991012986411287
2020-07-27,Midtjylland,3947,6,0.0015201418799087915,0.0027541357846203036
2020-07-28,Midtjylland,4077,12,0.0029433406916850625,0.003039635910246891
2020-07-29,Midtjylland,3960,10,0.0025252525252525255,0.004063894050667783
2020-07-30,Midtjylland,3446,21,0.006094022054556007,0.005618790517927708
2020-07-31,Midtjylland,3938,18,0.0045708481462671405,0.0070393195061090414
2020-08-01,Midtjylland,3157,29,0.009185936015204309,0.00825928045606517
2020-08-02,Midtjylland,3122,39,0.012491992312620116,0.009718717629788058
2020-08-03,Midtjylland,4536,52,0.01146384479717813,0.010829390314831905
2020-08-04,Midtjylland,5138,59,0.011483067341377969,0.01222690045004454
2020-08-05,Midtjylland,5180,66,0.012741312741312742,0.012111398882742739
2020-08-06,Midtjylland,6201,86,0.013868730849862926,0.011731201553837627
2020-08-07,Midtjylland,7385,106,0.014353419092755585,0.011338723149757982
2020-08-08,Midtjylland,6804,57,0.00837742504409171,0.010543742830354851
2020-08-09,Midtjylland,6612,65,0.009830611010284332,0.009709280534098535
2020-08-10,Midtjylland,9178,80,0.008716495968620614,0.008510240659084874
2020-08-11,Midtjylland,11321,67,0.005918205105556047,0.0068859793963491
2020-08-12,Midtjylland,11739,81,0.006900076667518528,0.007008822715826829
2020-08-13,Midtjylland,10958,60,0.005475451724767293,0.0061600438528394775
2020-08-14,Midtjylland,10055,30,0.0029835902536051715,0.0055601560326107675
2020-08-15,Midtjylland,8444,78,0.009237328280435813,0.005267206683843137
2020-08-16,Midtjylland,8228,32,0.003889158969372873,0.004629473403145407
2020-08-17,Midtjylland,9519,43,0.004517281227019645,0.00424158276472291
2020-08-18,Midtjylland,10601,41,0.0038675596641826243,0.004180477022321695
2020-08-19,Midtjylland,11084,27,0.002435943702634428,0.003367320449950669
2020-08-20,Midtjylland,11231,31,0.0027602172558098123,0.003249121716915354
2020-08-21,Midtjylland,10564,27,0.0025558500567966678,0.0029947789476560626
2020-08-22,Midtjylland,8180,29,0.0035452322738386307,0.002732068224372646
2020-08-23,Midtjylland,7512,23,0.0030617678381256656,0.0026530344573027368
2020-08-24,Midtjylland,10596,29,0.0027368818422046056,0.0025376810785820055
2020-08-25,Midtjylland,10845,22,0.0020285846011987092,0.00254751277275541
2020-08-26,Midtjylland,10623,20,0.0018827073331450625,0.0024410243544608842
2020-08-27,Midtjylland,10242,20,0.0019527436047646943,0.0025532633226701454
2020-08-28,Midtjylland,9525,25,0.0026246719160104987,0.002438095773676512
2020-08-29,Midtjylland,6429,18,0.0027998133457769483,0.002626857075554371
2020-08-30,Midtjylland,5978,23,0.0038474406155904984,0.0025994276199207333
2020-08-31,Midtjylland,9323,18,0.0019307089992491688,0.002563988037041651
2020-09-01,Midtjylland,9851,33,0.0033499137143437213,0.0025143439497744206
2020-09-02,Midtjylland,10055,17,0.0016907011437095971,0.002457659320465007
2020-09-03,Midtjylland,9386,16,0.0017046665246111229,0.002434202268566654
2020-09-04,Midtjylland,9222,21,0.002277163305139883,0.0024719105485723337
2020-09-05,Midtjylland,5826,14,0.002403020940611054,0.002638198177464864
2020-09-06,Midtjylland,4887,18,0.003683241252302026,0.0027904865146192773
2020-09-07,Midtjylland,9113,20,0.002194666959288928,0.002953838933302859
2020-09-08,Midtjylland,9083,41,0.0045139271165914345,0.0036670122428247
2020-09-09,Midtjylland,10157,28,0.0027567195037904893,0.003946709573542992
2020-09-10,Midtjylland,9831,28,0.0028481334553961957,0.003793405707856406
2020-09-11,Midtjylland,9767,71,0.007269376471792772,0.004024329997843956
2020-09-12,Midtjylland,6650,29,0.004360902255639097,0.004094149122600642
2020-09-13,Midtjylland,6130,16,0.0026101141924959217,0.004764287600932026
2020-09-14,Midtjylland,9446,36,0.0038111369892017783,0.0054762052965085534
2020-09-15,Midtjylland,9395,47,0.005002660989888238,0.00568862939734744
2020-09-16,Midtjylland,8459,63,0.0074476888521101785,0.0061443920123917545
2020-09-17,Midtjylland,7789,61,0.00783155732443189,0.007003253853990273
2020-09-18,Midtjylland,7880,69,0.008756345177664975,0.007555860805411171
2020-09-19,Midtjylland,6489,49,0.007551240560949299,0.008290425624067635
2020-09-20,Midtjylland,5915,51,0.008622147083685545,0.00918861957689929
2020-09-21,Midtjylland,8334,64,0.007679385649148068,0.00986656907599184
2020-09-22,Midtjylland,9266,94,0.010144614720483489,0.010244021111424056
2020-09-23,Midtjylland,9028,124,0.013735046521931768,0.011020298168096588
2020-09-24,Midtjylland,8905,112,0.012577203818079731,0.011477788178871212
2020-09-25,Midtjylland,9124,104,0.011398509425690487,0.012028852113594345
2020-09-26,Midtjylland,7085,92,0.012985179957657023,0.012263070149119986
2020-09-27,Midtjylland,6681,79,0.011824577159107917,0.011789995538616743
2020-09-28,Midtjylland,9448,109,0.01153683319220999,0.0116798034509193
2020-09-29,Midtjylland,9080,107,0.011784140969162995,0.011629545303717098
2020-09-30,Midtjylland,9114,95,0.010423524248409042,0.011267725508575795
2020-10-01,Midtjylland,9148,108,0.011805859204197638,0.010740918029216303
2020-10-02,Midtjylland,9143,101,0.011046702395275073,0.010517300426259158
2020-10-03,Midtjylland,6697,70,0.010452441391667911,0.010266402452550635
2020-10-04,Midtjylland,7128,58,0.00813692480359147,0.010815251846309867
2020-10-05,Midtjylland,10530,105,0.009971509971509971,0.011139523490291334
2020-10-06,Midtjylland,10770,108,0.010027855153203343,0.011546500839942981
2020-10-07,Midtjylland,10585,151,0.014265470004723665,0.012091433895127564
2020-10-08,Midtjylland,9662,136,0.014075760712067896,0.012542392422745912
2020-10-09,Midtjylland,8348,116,0.013895543842836608,0.012958833560836535
2020-10-10,Midtjylland,6098,87,0.014266972777959987,0.013272435831321839
2020-10-11,Midtjylland,5844,66,0.011293634496919919,0.013107536089358543
2020-10-12,Midtjylland,9700,125,0.01288659793814433,0.013379301709323263
2020-10-13,Midtjylland,7854,96,0.012223071046600458,0.013433079905666058
2020-10-14,Midtjylland,7322,96,0.013111171810980607,0.013260891079198272
2020-10-15,Midtjylland,6947,111,0.01597812005182093,0.013282931869038016
2020-10-16,Midtjylland,7287,104,0.014271991217236175,0.013495774670992871
2020-10-17,Midtjylland,5742,75,0.013061650992685475,0.01495631038048495
2020-10-18,Midtjylland,6202,71,0.01144792002579813,0.016678631945987243
2020-10-19,Midtjylland,9599,138,0.014376497551828316,0.016680184469594114
2020-10-20,Midtjylland,8509,191,0.022446821013045012,0.016870451492420106
2020-10-21,Midtjylland,9258,233,0.025167422769496652,0.01685063152842613
2020-10-22,Midtjylland,9444,151,0.01598898771706904,0.017005231593587498
2020-10-23,Midtjylland,11087,173,0.01560386037701813,0.016577807422648288
2020-10-24,Midtjylland,11143,144,0.012922911244727631,0.01555476828184885
2020-10-25,Midtjylland,12450,156,0.01253012048192771,0.014177428884309493
2020-10-26,Midtjylland,14142,161,0.011384528355253854,0.013319049315449303
2020-10-27,Midtjylland,15374,235,0.015285547027448939,0.013375452193188734
2020-10-28,Midtjylland,14685,228,0.015526046986721144,0.01392615703803936
2020-10-29,Midtjylland,13727,137,0.009980330735047716,0.01452705435114114
2020-10-30,Midtjylland,12126,194,0.015998680521194127,0.015214399875261226
2020-10-31,Midtjylland,9894,166,0.01677784515868203,0.01531637874042602
2020-11-01,Midtjylland,10277,172,0.016736401673640166,0.015567297619728073
2020-11-02,Midtjylland,12534,203,0.016195947024094465,0.016233923016779155
2020-11-03,Midtjylland,13313,213,0.015999399083602494,0.015814756675041744
2020-11-04,Midtjylland,13424,232,0.01728247914183552,0.01605528428973552
2020-11-05,Midtjylland,12426,182,0.014646708514405278,0.015967793490194154
2020-11-06,Midtjylland,12400,162,0.013064516129032259,0.015826009349814495
2020-11-07,Midtjylland,9425,174,0.018461538461538463,0.015822020837998607
2020-11-08,Midtjylland,9551,154,0.016123966076850592,0.01610616377060052
2020-11-09,Midtjylland,13418,204,0.015203458041436876,0.016778178480777332
2020-11-10,Midtjylland,14025,224,0.015971479500891266,0.017627689977450452
2020-11-11,Midtjylland,13699,264,0.01927147967004891,0.018242359860413022
2020-11-12,Midtjylland,12816,248,0.019350811485642945,0.019034958353661043
2020-11-13,Midtjylland,12256,233,0.019011096605744127,0.019807932606101832
2020-11-14,Midtjylland,9840,224,0.022764227642276424,0.02042257447779447
2020-11-15,Midtjylland,9413,204,0.02167215552958674,0.020849088339895717
2020-11-16,Midtjylland,14456,298,0.020614277808522413,0.020912955183421685
2020-11-17,Midtjylland,14600,296,0.020273972602739727,0.02087511072106627
2020-11-18,Midtjylland,13389,298,0.02225707670475764,0.019895654672109925
2020-11-19,Midtjylland,12072,239,0.019797879390324718,0.018044962466050835
2020-03-04,Nordjylland,8,0,0,0.028571428571428574
2020-03-05,Nordjylland,2,0,0,0.033035714285714286
2020-03-06,Nordjylland,5,1,0.2,0.07875
2020-03-07,Nordjylland,7,0,0,0.11446428571428571
2020-03-08,Nordjylland,32,1,0.03125,0.14941869300911856
2020-03-09,Nordjylland,25,8,0.32,0.15591219950262505
2020-03-10,Nordjylland,52,13,0.25,0.12993817352859907
2020-03-11,Nordjylland,94,23,0.24468085106382978,0.13925494371493446
2020-03-12,Nordjylland,44,2,0.045454545454545456,0.14336208657207733
2020-03-13,Nordjylland,55,1,0.01818181818181818,0.09998972123249887
2020-03-14,Nordjylland,46,3,0.06521739130434782,0.0732040069467846
2020-03-15,Nordjylland,50,3,0.06,0.049099509236038556
2020-03-16,Nordjylland,61,1,0.01639344262295082,0.05110940410307628
2020-03-17,Nordjylland,64,4,0.0625,0.05733034365734917
2020-03-18,Nordjylland,79,6,0.0759493670886076,0.05098976394720424
2020-03-19,Nordjylland,84,5,0.05952380952380952,0.050354843312283605
2020-03-20,Nordjylland,81,5,0.06172839506172839,0.06462421861863947
2020-03-21,Nordjylland,48,1,0.020833333333333332,0.06680675830117914
2020-03-22,Nordjylland,36,2,0.05555555555555555,0.06663775659426191
2020-03-23,Nordjylland,86,10,0.11627906976744186,0.07020678984136357
2020-03-24,Nordjylland,90,7,0.07777777777777778,0.07060503755143924
2020-03-25,Nordjylland,107,8,0.07476635514018691,0.0841702004587074
2020-03-26,Nordjylland,142,12,0.08450704225352113,0.09293128064835901
2020-03-27,Nordjylland,155,10,0.06451612903225806,0.08243449302732926
2020-03-28,Nordjylland,95,11,0.11578947368421053,0.07980994485822664
2020-03-29,Nordjylland,77,9,0.11688311688311688,0.0768510447030648
2020-03-30,Nordjylland,257,11,0.042801556420233464,0.07101063310596542
2020-03-31,Nordjylland,303,18,0.0594059405940594,0.06831932872545407
2020-04-01,Nordjylland,296,16,0.05405405405405406,0.057380216238353966
2020-04-02,Nordjylland,596,26,0.0436241610738255,0.044741069670635965
2020-04-03,Nordjylland,613,28,0.04567699836867863,0.0432633467728901
2020-04-04,Nordjylland,204,8,0.0392156862745098,0.03689842456638374
2020-04-05,Nordjylland,176,5,0.028409090909090908,0.031172424828407947
2020-04-06,Nordjylland,647,21,0.03245749613601236,0.03054264271421999
2020-04-07,Nordjylland,606,9,0.01485148514851485,0.028734338365055654
2020-04-08,Nordjylland,501,7,0.013972055888223553,0.024582423792119883
2020-04-09,Nordjylland,204,8,0.0392156862745098,0.0264455218339744
2020-04-10,Nordjylland,212,7,0.0330188679245283,0.025453051540491583
2020-04-11,Nordjylland,197,2,0.01015228426395939,0.023890538565682785
2020-04-12,Nordjylland,193,8,0.04145077720207254,0.02429045750587966
2020-04-13,Nordjylland,196,5,0.025510204081632654,0.02020797344842689
2020-04-14,Nordjylland,511,2,0.003913894324853229,0.01681681266769381
2020-04-15,Nordjylland,477,8,0.016771488469601678,0.017197988175772873
2020-04-16,Nordjylland,470,5,0.010638297872340425,0.01425263905166727
2020-04-17,Nordjylland,431,4,0.009280742459396751,0.011981950556488982
2020-04-18,Nordjylland,156,2,0.01282051282051282,0.012235434529909103
2020-04-19,Nordjylland,96,2,0.020833333333333332,0.010325085929463918
2020-04-20,Nordjylland,624,6,0.009615384615384616,0.009095296227615943
2020-04-21,Nordjylland,879,5,0.005688282138794084,0.007901567547893654
2020-04-22,Nordjylland,1471,5,0.003399048266485384,0.006652205662834948
2020-04-23,Nordjylland,1478,3,0.0020297699594046007,0.004064477845671373
2020-04-24,Nordjylland,2163,2,9.246417013407304e-4,0.0030479943291878563
2020-04-25,Nordjylland,1227,5,0.004074979625101874,0.0022353825950744157
2020-04-26,Nordjylland,1471,4,0.002719238613188307,0.002004906312107116
2020-04-27,Nordjylland,2000,5,0.0025,0.0021273443218655483
2020-04-28,Nordjylland,1818,0,0,0.00365435149760835
2020-04-29,Nordjylland,1680,3,0.0017857142857142857,0.0033338546699512007
2020-04-30,Nordjylland,1732,5,0.002886836027713626,0.0033034299629472142
2020-05-01,Nordjylland,1636,19,0.011613691931540342,0.002946287105804357
2020-05-02,Nordjylland,1092,2,0.0018315018315018315,0.0031534765805790385
2020-05-03,Nordjylland,798,2,0.002506265664160401,0.002898374539762712
2020-05-04,Nordjylland,1809,0,0,0.002577544484521571
2020-05-05,Nordjylland,1379,2,0.0014503263234227702,9.184456371586654e-4
2020-05-06,Nordjylland,1446,0,0,8.675062688994489e-4
2020-05-07,Nordjylland,1560,1,6.41025641025641e-4,0.0015979036910261943
2020-05-08,Nordjylland,536,0,0,0.0016765695185907003
2020-05-09,Nordjylland,678,1,0.0014749262536873156,0.0015658399647188836
2020-05-10,Nordjylland,525,4,0.007619047619047619,0.0016806768962760725
2020-05-11,Nordjylland,1816,1,5.506607929515419e-4,0.0015891018047009809
2020-05-12,Nordjylland,1481,1,6.752194463200541e-4,0.0016993310815969244
2020-05-13,Nordjylland,1244,1,8.038585209003215e-4,0.0017551518513260287
2020-05-14,Nordjylland,1133,0,0,6.667164771763688e-4
2020-05-15,Nordjylland,1296,1,7.716049382716049e-4,6.918712476185073e-4
2020-05-16,Nordjylland,536,1,0.0018656716417910447,8.141818364509301e-4
2020-05-17,Nordjylland,451,0,0,8.184918130314751e-4
2020-05-18,Nordjylland,1376,1,7.267441860465116e-4,0.0010448898207290073
2020-05-19,Nordjylland,1306,2,0.0015313935681470138,0.0011370077716760425
2020-05-20,Nordjylland,1199,1,8.340283569641367e-4,8.704832514201789e-4
2020-05-21,Nordjylland,631,1,0.001584786053882726,8.704832514201789e-4
2020-05-22,Nordjylland,1412,2,0.00141643059490085,8.494783884031824e-4
2020-05-23,Nordjylland,644,0,0,8.288453860980512e-4
2020-05-24,Nordjylland,615,0,0,7.096984779603174e-4
2020-05-25,Nordjylland,1725,1,5.797101449275362e-4,4.833004702627852e-4
2020-05-26,Nordjylland,1442,2,0.0013869625520110957,2.809532424198066e-4
2020-05-27,Nordjylland,1133,0,0,2.809532424198066e-4
2020-05-28,Nordjylland,1013,0,0,2.809532424198066e-4
2020-05-29,Nordjylland,1030,0,0,1.9813750743015855e-4
2020-05-30,Nordjylland,544,0,0,2.0290069227943013e-18
2020-05-31,Nordjylland,519,0,0,2.0290069227943013e-18
2020-06-01,Nordjylland,589,0,0,2.0290069227943013e-18
2020-06-02,Nordjylland,1028,0,0,2.0290069227943013e-18
2020-06-03,Nordjylland,889,0,0,2.0290069227943013e-18
2020-06-04,Nordjylland,902,0,0,2.0290069227943013e-18
2020-06-05,Nordjylland,735,0,0,1.2127091923356982e-4
2020-06-06,Nordjylland,491,0,0,1.2127091923356982e-4
2020-06-07,Nordjylland,513,0,0,0.0013647083328837495
2020-06-08,Nordjylland,1178,1,8.488964346349745e-4,0.0016752673390949297
2020-06-09,Nordjylland,975,0,0,0.004000416148618739
2020-06-10,Nordjylland,1034,9,0.008704061895551257,0.004000416148618739
2020-06-11,Nordjylland,920,2,0.002173913043478261,0.005365836868878169
2020-06-12,Nordjylland,1536,25,0.016276041666666668,0.00547374853176836
2020-06-13,Nordjylland,752,0,0,0.0058427522218052605
2020-06-14,Nordjylland,837,8,0.009557945041816009,0.005360711971950645
2020-06-15,Nordjylland,1870,3,0.0016042780748663102,0.005166108438837796
2020-06-16,Nordjylland,2710,7,0.0025830258302583027,0.002898102486456843
2020-06-17,Nordjylland,3002,16,0.005329780146568954,0.003130201824973728
2020-06-18,Nordjylland,2464,2,8.116883116883117e-4,0.002163081688888489
2020-06-19,Nordjylland,2500,1,4e-4,0.0020969780369669484
2020-06-20,Nordjylland,1231,2,0.0016246953696181965,0.0019583890934738264
2020-06-21,Nordjylland,1076,3,0.0027881040892193307,0.0020171781601988387
2020-06-22,Nordjylland,2628,3,0.001141552511415525,0.002245622742204517
2020-06-23,Nordjylland,2480,4,0.0016129032258064516,0.0023075275041092792
2020-06-24,Nordjylland,2961,17,0.005741303613644039,0.0034022746936773125
2020-06-25,Nordjylland,2074,5,0.0024108003857280617,0.0031494498150602935
2020-06-26,Nordjylland,2400,2,8.333333333333334e-4,0.0031015782581299656
2020-06-27,Nordjylland,969,9,0.009287925696594427,0.0031964549184715215
2020-06-28,Nordjylland,982,1,0.0010183299389002036,0.002481194977232724
2020-06-29,Nordjylland,2480,2,8.064516129032258e-4,0.002136794922128715
2020-06-30,Nordjylland,2635,6,0.0022770398481973433,0.0023317190456242673
2020-07-01,Nordjylland,2723,2,7.344840249724568e-4,0.0011510927251720438
2020-07-02,Nordjylland,2475,0,0,0.0011118305087279893
2020-07-03,Nordjylland,2275,5,0.002197802197802198,0.0010947730103150093
2020-07-04,Nordjylland,977,1,0.0010235414534288639,8.885788463285015e-4
2020-07-05,Nordjylland,1345,1,7.434944237918215e-4,0.0010446582991730487
2020-07-06,Nordjylland,2911,2,6.870491240123669e-4,0.0015259288534363038
2020-07-07,Nordjylland,2399,2,8.336807002917883e-4,0.001497290951486627
2020-07-08,Nordjylland,1642,3,0.0018270401948842874,0.0013510707438539322
2020-07-09,Nordjylland,1781,6,0.003368893879842785,0.0015662456526196514
2020-07-10,Nordjylland,1502,3,0.0019973368841544607,0.0014680957777607419
2020-07-11,Nordjylland,886,0,0,0.001425803450376508
2020-07-12,Nordjylland,889,2,0.0022497187851518562,0.0013660049517109456
2020-07-13,Nordjylland,2348,0,0,8.847343974476907e-4
2020-07-14,Nordjylland,1860,1,5.376344086021505e-4,8.090221898067171e-4
2020-07-15,Nordjylland,1420,2,0.0014084507042253522,8.090221898067171e-4
2020-07-16,Nordjylland,1601,0,0,8.009169999479306e-4
2020-07-17,Nordjylland,1363,2,0.001467351430667645,8.009169999479306e-4
2020-07-18,Nordjylland,904,0,0,9.784571459000608e-4
2020-07-19,Nordjylland,912,2,0.0021929824561403508,0.0010950633459479565
2020-07-20,Nordjylland,1922,0,0,0.0013520006532449762
2020-07-21,Nordjylland,1685,3,0.0017804154302670622,0.0012276668667743319
2020-07-22,Nordjylland,1798,4,0.002224694104560623,0.0013799665926348252
2020-07-23,Nordjylland,1668,3,0.0017985611510791368,0.0012158035754886195
2020-07-24,Nordjylland,1675,1,5.970149253731343e-4,0.001341392272505888
2020-07-25,Nordjylland,938,1,0.0010660980810234541,0.001349893840031148
2020-07-26,Nordjylland,958,1,0.0010438413361169101,0.0013311950172451483
2020-07-27,Nordjylland,2275,2,8.791208791208791e-4,0.0013291321842695254
2020-07-28,Nordjylland,2174,4,0.0018399264029438822,0.001430667105255578
2020-07-29,Nordjylland,2388,5,0.0020938023450586263,0.0019054838976441753
2020-07-30,Nordjylland,2242,4,0.001784121320249777,0.00240326397631211
2020-07-31,Nordjylland,2294,3,0.0013077593722755014,0.002525863505245402
2020-08-01,Nordjylland,1139,5,0.004389815627743635,0.00247808220234622
2020-08-02,Nordjylland,1325,6,0.004528301886792453,0.0023816018268109957
2020-08-03,Nordjylland,2878,5,0.0017373175816539264,0.0023451633507421106
2020-08-04,Nordjylland,2657,4,0.0015054572826496049,0.0023677317783744284
2020-08-05,Nordjylland,2820,4,0.0014184397163120568,0.0019238829225463033
2020-08-06,Nordjylland,2616,4,0.0015290519877675841,0.002085099740191379
2020-08-07,Nordjylland,2729,4,0.0014657383657017222,0.002137302021900776
2020-08-08,Nordjylland,1559,2,0.0012828736369467607,0.002005730058085674
2020-08-09,Nordjylland,1591,9,0.0056568196103079825,0.002598840671967635
2020-08-10,Nordjylland,3329,7,0.0021027335536197055,0.002709853259145259
2020-08-11,Nordjylland,3422,2,5.844535359438924e-4,0.002853522658069463
2020-08-12,Nordjylland,3411,19,0.0055702140134857815,0.0031127655052731002
2020-08-13,Nordjylland,3469,8,0.0023061400980109543,0.003011162477716032
2020-08-14,Nordjylland,3237,8,0.002471424158171146,0.0030187367080935688
2020-08-15,Nordjylland,1937,6,0.003097573567372225,0.0031900204158795643
2020-08-16,Nordjylland,2022,10,0.004945598417408506,0.0026726138770384045
2020-08-17,Nordjylland,3711,8,0.002155753166262463,0.002492324407094713
2020-08-18,Nordjylland,3925,7,0.0017834394904458599,0.0023860555208688817
2020-08-19,Nordjylland,4106,8,0.001948368241597662,0.002290706962294443
2020-08-20,Nordjylland,3831,4,0.0010441138084051162,0.0020932606723114908
2020-08-21,Nordjylland,4052,7,0.0017275419545903258,0.002014478516397755
2020-08-22,Nordjylland,2469,6,0.002430133657351154,0.00209522187580021
2020-08-23,Nordjylland,2245,8,0.0035634743875278397,0.001965615614767332
2020-08-24,Nordjylland,3740,6,0.0016042780748663102,0.001969860142617416
2020-08-25,Nordjylland,3832,9,0.002348643006263048,0.002107897613422296
2020-08-26,Nordjylland,3842,4,0.001041124414367517,0.002520614081825019
2020-08-27,Nordjylland,3725,4,0.0010738255033557046,0.002441407323784432
2020-08-28,Nordjylland,3341,9,0.0026938042502244837,0.002317241019183689
2020-08-29,Nordjylland,2068,11,0.005319148936170213,0.002236108786105227
2020-08-30,Nordjylland,1994,6,0.003009027081243731,0.0021992168700652507
2020-08-31,Nordjylland,4081,3,7.351139426611125e-4,0.0025153168333700636
2020-09-01,Nordjylland,3931,7,0.0017807173747138134,0.002655440409018683
2020-09-02,Nordjylland,3832,3,7.828810020876827e-4,0.0027038060792808896
2020-09-03,Nordjylland,3347,11,0.0032865252464893933,0.003300391149065779
2020-09-04,Nordjylland,4082,15,0.0036746692797648213,0.004074595946797574
2020-09-05,Nordjylland,2121,12,0.005657708628005658,0.004620527878461107
2020-09-06,Nordjylland,2366,17,0.007185122569737954,0.0054656886923066805
2020-09-07,Nordjylland,4387,27,0.006154547526783679,0.006119132671328029
2020-09-08,Nordjylland,4284,24,0.0056022408963585435,0.006767376468423724
2020-09-09,Nordjylland,4329,29,0.006699006699006699,0.007337032636509324
2020-09-10,Nordjylland,4707,37,0.007860633099638836,0.007946355366459518
2020-09-11,Nordjylland,5236,43,0.008212375859434682,0.008259473511712941
2020-09-12,Nordjylland,3214,31,0.009645301804604853,0.009073507906500867
2020-09-13,Nordjylland,3668,42,0.011450381679389313,0.009655614267255612
2020-09-14,Nordjylland,5751,48,0.008346374543557642,0.009475365858642018
2020-09-15,Nordjylland,5398,61,0.011300481659874028,0.009270977883356209
2020-09-16,Nordjylland,6126,66,0.010773751224289911,0.008750663107463228
2020-09-17,Nordjylland,5607,37,0.006598894239343678,0.008140009621596014
2020-09-18,Nordjylland,6783,46,0.006781660032434026,0.008190838335928633
2020-09-19,Nordjylland,5164,31,0.006003098373353989,0.007765277747997411
2020-09-20,Nordjylland,5853,42,0.007175807278318811,0.007270167447393089
2020-09-21,Nordjylland,6665,58,0.008702175543885972,0.007339506195133594
2020-09-22,Nordjylland,6369,53,0.008321557544355472,0.007275572633210263
2020-09-23,Nordjylland,6705,49,0.007307979120059657,0.007503579307899218
2020-09-24,Nordjylland,5364,38,0.0070842654735272185,0.007234140140842305
2020-09-25,Nordjylland,6315,40,0.006334125098970704,0.006989794108373013
2020-09-26,Nordjylland,4211,32,0.00759914509617668,0.007250657527181482
2020-09-27,Nordjylland,4159,22,0.005289733108920414,0.007481586956581264
2020-09-28,Nordjylland,5578,39,0.006991753316600932,0.007889462451705081
2020-09-29,Nordjylland,4336,44,0.01014760147601476,0.008241702358822127
2020-09-30,Nordjylland,4370,39,0.008924485125858124,0.008551815033165083
2020-10-01,Nordjylland,4125,41,0.009939393939393939,0.00924941601469847
2020-10-02,Nordjylland,4091,36,0.008799804448790027,0.009796667086971312
2020-10-03,Nordjylland,3173,31,0.009769933816577371,0.009200792541924945
2020-10-04,Nordjylland,2949,30,0.01017293997965412,0.009367084954752
2020-10-05,Nordjylland,5544,60,0.010822510822510822,0.009597935838711272
2020-10-06,Nordjylland,5187,31,0.005976479660690187,0.009916720646254207
2020-10-07,Nordjylland,4857,49,0.010088532015647519,0.010313030151429271
2020-10-08,Nordjylland,4327,50,0.011555350127108852,0.010382750270083617
2020-10-09,Nordjylland,3898,43,0.011031298101590559,0.010473278982957399
2020-10-10,Nordjylland,2551,32,0.012544100352802822,0.011951684615113391
2020-10-11,Nordjylland,2814,30,0.010660980810234541,0.012751078671784466
2020-10-12,Nordjylland,3928,45,0.011456211812627291,0.012405487599995305
2020-10-13,Nordjylland,3369,55,0.016325319085782133,0.012913541428803086
2020-10-14,Nordjylland,3953,62,0.015684290412345054,0.013729089022284225
2020-10-15,Nordjylland,3612,33,0.009136212624584718,0.014618107989970265
2020-10-16,Nordjylland,3359,49,0.014587674903245014,0.015100088029684683
2020-10-17,Nordjylland,2301,42,0.018252933507170794,0.015451862908026637
2020-10-18,Nordjylland,2606,44,0.01688411358403684,0.015619248735630172
2020-10-19,Nordjylland,4855,72,0.014830072090628218,0.01702302299777021
2020-10-20,Nordjylland,4471,84,0.0187877432341758,0.017947400202274238
2020-10-21,Nordjylland,5458,92,0.016855991205569805,0.018479555698110123
2020-10-22,Nordjylland,5379,102,0.018962632459564976,0.018634262384574333
2020-10-23,Nordjylland,5556,117,0.021058315334773217,0.01908372408062143
2020-10-24,Nordjylland,4732,104,0.02197802197802198,0.018801539375886852
2020-10-25,Nordjylland,6011,108,0.017967060389286308,0.018644176048698585
2020-10-26,Nordjylland,7343,132,0.01797630396295792,0.01801473925783893
2020-10-27,Nordjylland,8803,148,0.01681245030103374,0.01704384641754179
2020-10-28,Nordjylland,7363,116,0.015754447915251935,0.016044644945643047
2020-10-29,Nordjylland,8175,119,0.014556574923547401,0.015660364975935388
2020-10-30,Nordjylland,7853,112,0.014262065452693238,0.015315480738519457
2020-10-31,Nordjylland,6407,96,0.014983611674730763,0.015260396197398843
2020-11-01,Nordjylland,6153,94,0.015277100601332683,0.014468024568554852
2020-11-02,Nordjylland,7454,116,0.015562114301046419,0.01387735651425458
2020-11-03,Nordjylland,8340,137,0.01642685851318945,0.012766058902698264
2020-11-04,Nordjylland,8131,83,0.010207846513343992,0.011447255494782429
2020-11-05,Nordjylland,7964,83,0.010421898543445504,0.009772804126508786
2020-11-06,Nordjylland,9255,60,0.006482982171799027,0.008201258135812213
2020-11-07,Nordjylland,11822,68,0.005751987819319912,0.006440989749867248
2020-11-08,Nordjylland,11530,41,0.0035559410234171727,0.005694773811862172
2020-11-09,Nordjylland,15785,72,0.004561292366170415,0.004882548480162347
2020-11-10,Nordjylland,14860,61,0.004104979811574697,0.004752240900335093
2020-11-11,Nordjylland,14044,70,0.004984334947308459,0.004758501095307734
2020-11-12,Nordjylland,14146,67,0.004736321221546727,0.0053247340187385726
2020-11-13,Nordjylland,13822,77,0.005570829113008248,0.00521196313456558
2020-11-14,Nordjylland,11215,65,0.0057958091841284,0.005244420030889734
2020-11-15,Nordjylland,9708,73,0.0075195714874330445,0.0050297656482023575
2020-11-16,Nordjylland,15642,59,0.003771896176959468,0.004877330606488525
2020-11-17,Nordjylland,15004,65,0.004332178085843775,0.004686865468713649
2020-11-18,Nordjylland,14935,52,0.0034817542684968195,0.004339997717648204
2020-11-19,Nordjylland,12264,45,0.003669275929549902,0.0032657732194434834
2020-03-04,Sjlland,16,1,0.0625,0.027536014405762303
2020-03-05,Sjlland,38,0,0,0.0656312525010004
2020-03-06,Sjlland,17,1,0.058823529411764705,0.11226280834914612
2020-03-07,Sjlland,10,0,0,0.1516214089322365
2020-03-08,Sjlland,15,4,0.26666666666666666,0.16621200126673125
2020-03-09,Sjlland,93,37,0.3978494623655914,0.1754285911284824
2020-03-10,Sjlland,98,27,0.2755102040816326,0.17195133815832883
2020-03-11,Sjlland,164,27,0.16463414634146342,0.18757633815832883
2020-03-12,Sjlland,93,6,0.06451612903225806,0.1628322349095527
2020-03-13,Sjlland,87,3,0.034482758620689655,0.12400380030990639
2020-03-14,Sjlland,64,7,0.109375,0.0965499616315779
2020-03-15,Sjlland,107,10,0.09345794392523364,0.08636413120184504
2020-03-16,Sjlland,119,15,0.12605042016806722,0.08099123128243854
2020-03-17,Sjlland,120,10,0.08333333333333333,0.09114448798741938
2020-03-18,Sjlland,150,14,0.09333333333333334,0.09096350343143482
2020-03-19,Sjlland,223,6,0.026905829596412557,0.09488081442484729
2020-03-20,Sjlland,180,19,0.10555555555555556,0.08699265916274244
2020-03-21,Sjlland,74,8,0.10810810810810811,0.08775503307782573
2020-03-22,Sjlland,91,11,0.12087912087912088,0.09126258243903362
2020-03-23,Sjlland,240,17,0.07083333333333333,0.09721775789122224
2020-03-24,Sjlland,203,18,0.08866995073891626,0.09684427516479834
2020-03-25,Sjlland,246,29,0.11788617886178862,0.10156832694767363
2020-03-26,Sjlland,277,19,0.06859205776173286,0.09982783141835824
2020-03-27,Sjlland,272,28,0.10294117647058823,0.10326810583320892
2020-03-28,Sjlland,170,24,0.1411764705882353,0.10102049290889432
2020-03-29,Sjlland,138,15,0.10869565217391304,0.09349638040068849
2020-03-30,Sjlland,590,56,0.09491525423728814,0.0960784673871076
2020-03-31,Sjlland,521,38,0.07293666026871401,0.0918946408820013
2020-04-01,Sjlland,506,33,0.06521739130434782,0.08569005378400421
2020-04-02,Sjlland,750,65,0.08666666666666667,0.08185041516175691
2020-04-03,Sjlland,706,52,0.07365439093484419,0.08176414702007416
2020-04-04,Sjlland,266,26,0.09774436090225563,0.08037974175154665
2020-04-05,Sjlland,220,18,0.08181818181818182,0.08195530503818989
2020-04-06,Sjlland,668,63,0.09431137724550898,0.0825613656442505
2020-04-07,Sjlland,838,53,0.06324582338902147,0.08537264312974895
2020-04-08,Sjlland,682,52,0.07624633431085044,0.08080765924145679
2020-04-09,Sjlland,209,19,0.09090909090909091,0.08145700989080742
2020-04-10,Sjlland,225,21,0.09333333333333334,0.07972563897315155
2020-04-11,Sjlland,228,15,0.06578947368421052,0.08124952755732862
2020-04-12,Sjlland,220,19,0.08636363636363636,0.07720338303916512
2020-04-13,Sjlland,219,18,0.0821917808219178,0.07056557640135849
2020-04-14,Sjlland,690,51,0.07391304347826087,0.06766154212211198
2020-04-15,Sjlland,626,30,0.04792332268370607,0.0704446627142901
2020-04-16,Sjlland,540,24,0.044444444444444446,0.07151430504606836
2020-04-17,Sjlland,589,43,0.0730050933786078,0.06583016876509777
2020-04-18,Sjlland,258,22,0.08527131782945736,0.06043737998428601
2020-04-19,Sjlland,309,29,0.09385113268608414,0.05680571310567395
2020-04-20,Sjlland,849,36,0.04240282685512368,0.053915517479400835
2020-04-21,Sjlland,1272,46,0.036163522012578615,0.04501714310381983
2020-04-22,Sjlland,1511,34,0.022501654533421574,0.03420915264466658
2020-04-23,Sjlland,2065,50,0.024213075060532687,0.02227380335173668
2020-04-24,Sjlland,3266,35,0.010716472749540722,0.019144444062141438
2020-04-25,Sjlland,2392,23,0.009615384615384616,0.015604790095792357
2020-04-26,Sjlland,1844,19,0.010303687635574838,0.013589788211512507
2020-04-27,Sjlland,2976,61,0.02049731182795699,0.011900082893521905
2020-04-28,Sjlland,2547,29,0.011385944248135061,0.012440752513988577
2020-04-29,Sjlland,2501,21,0.008396641343462616,0.014482507132000411
2020-04-30,Sjlland,2503,31,0.012385137834598482,0.014630581210570719
2020-05-01,Sjlland,1724,25,0.014501160092807424,0.013250980721017437
2020-05-02,Sjlland,1213,29,0.023907666941467436,0.013766662329834476
2020-05-03,Sjlland,970,11,0.01134020618556701,0.01355828790241501
2020-05-04,Sjlland,2583,28,0.01084010840108401,0.013690575081261295
2020-05-05,Sjlland,2334,35,0.014995715509854327,0.013086691154108765
2020-05-06,Sjlland,2162,15,0.006938020351526364,0.011119631426460027
2020-05-07,Sjlland,2404,32,0.013311148086522463,0.01095361869257132
2020-05-08,Sjlland,876,9,0.010273972602739725,0.010195753971066961
2020-05-09,Sjlland,1085,11,0.010138248847926268,0.008787238445519497
2020-05-10,Sjlland,786,8,0.010178117048346057,0.008749451437249232
2020-05-11,Sjlland,2168,12,0.005535055350553505,0.008088553642542195
2020-05-12,Sjlland,1947,10,0.005136106831022085,0.007802876367648947
2020-05-13,Sjlland,1948,13,0.006673511293634497,0.007572952910543428
2020-05-14,Sjlland,1612,14,0.008684863523573201,0.007217837288252233
2020-05-15,Sjlland,1692,14,0.008274231678486997,0.006975774309361694
2020-05-16,Sjlland,938,8,0.008528784648187633,0.006848978985576353
2020-05-17,Sjlland,910,7,0.007692307692307693,0.0067702557978559725
2020-05-18,Sjlland,2083,8,0.003840614498319731,0.0060978074004095
2020-05-19,Sjlland,1883,8,0.004248539564524694,0.005987585664683215
2020-05-20,Sjlland,1960,12,0.006122448979591836,0.005256754898267332
2020-05-21,Sjlland,1257,5,0.003977724741447892,0.004781139762966333
2020-05-22,Sjlland,1866,14,0.007502679528403001,0.004498211841437664
2020-05-23,Sjlland,1172,4,0.0034129692832764505,0.004307250995637962
2020-05-24,Sjlland,1146,5,0.004363001745200698,0.003964919638981919
2020-05-25,Sjlland,2688,5,0.0018601190476190475,0.003882818118518115
2020-05-26,Sjlland,2404,7,0.0029118136439267887,0.003651792509820935
2020-05-27,Sjlland,2147,8,0.0037261294829995344,0.004460308418661627
2020-05-28,Sjlland,2057,7,0.003403014098201264,0.004670008710788307
2020-05-29,Sjlland,1869,11,0.005885500267522739,0.005282722570352117
2020-05-30,Sjlland,992,9,0.009072580645161291,0.0057989328328254056
2020-05-31,Sjlland,1029,6,0.0058309037900874635,0.006492285709351823
2020-06-01,Sjlland,1301,8,0.006149116064565719,0.006470968851815169
2020-06-02,Sjlland,2452,16,0.0065252854812398045,0.005997661280294925
2020-06-03,Sjlland,2098,18,0.008579599618684462,0.004968601027915408
2020-06-04,Sjlland,1844,6,0.0032537960954446853,0.004135614772188627
2020-06-05,Sjlland,1555,4,0.002572347266881029,0.0033692144380349817
2020-06-06,Sjlland,1070,2,0.001869158878504673,0.0026943151614006724
2020-06-07,Sjlland,889,0,0,0.0019629734462252844
2020-06-08,Sjlland,2550,2,7.84313725490196e-4,0.002117766775103238
2020-06-09,Sjlland,2221,4,0.0018009905447996398,0.002028762556804723
2020-06-10,Sjlland,2023,7,0.0034602076124567475,0.002464892326768722
2020-06-11,Sjlland,2075,9,0.004337349397590362,0.002722060900768979
2020-06-12,Sjlland,2052,4,0.001949317738791423,0.002831585905032026
2020-06-13,Sjlland,1219,6,0.004922067268252666,0.002986163155986749
2020-06-14,Sjlland,1111,2,0.0018001800180018,0.003162276298338171
2020-06-15,Sjlland,2579,4,0.0015509887553315238,0.0029256499768899884
2020-06-16,Sjlland,2428,7,0.002883031301482702,0.0036909447150613897
2020-06-17,Sjlland,2557,12,0.004692999608916699,0.003383518405667162
2020-06-18,Sjlland,2238,6,0.002680965147453083,0.0032334391441535193
2020-06-19,Sjlland,2053,15,0.007306380905991232,0.003095167947535979
2020-06-20,Sjlland,1444,4,0.002770083102493075,0.0027315362934898827
2020-06-21,Sjlland,1334,1,7.496251874062968e-4,0.0023299394355463555
2020-06-22,Sjlland,3430,2,5.830903790087463e-4,0.0020130819806191956
2020-06-23,Sjlland,2962,1,3.3760972316002703e-4,0.0011284855837824057
2020-06-24,Sjlland,2657,5,0.001881821603312006,7.32759426283395e-4
2020-06-25,Sjlland,2160,1,4.62962962962963e-4,6.256701137967811e-4
2020-06-26,Sjlland,1795,2,0.0011142061281337048,6.635909560706391e-4
2020-06-27,Sjlland,1109,0,0,9.029445745968471e-4
2020-06-28,Sjlland,1032,0,0,6.341129169808463e-4
2020-06-29,Sjlland,2357,2,8.485362749257531e-4,5.679753508432801e-4
2020-06-30,Sjlland,1987,4,0.0020130850528434826,4.0880304682417947e-4
2020-07-01,Sjlland,2058,0,0,4.0880304682417947e-4
2020-07-02,Sjlland,1715,0,0,4.0880304682417947e-4
2020-07-03,Sjlland,1538,0,0,3.524302166794785e-4
2020-07-04,Sjlland,1130,0,0,6.484663770183811e-5
2020-07-05,Sjlland,1019,0,0,2.0770378055898098e-4
2020-07-06,Sjlland,2203,1,4.5392646391284613e-4,9.110485758074962e-4
2020-07-07,Sjlland,1938,0,0,0.0012187645539596618
2020-07-08,Sjlland,2000,2,0.001,0.0014734118674305046
2020-07-09,Sjlland,1828,9,0.004923413566739606,0.002248966388913365
2020-07-10,Sjlland,1857,4,0.002154011847065159,0.002702343969556667
2020-07-11,Sjlland,1122,2,0.0017825311942959,0.0030454206815094596
2020-07-12,Sjlland,921,5,0.0054288816503800215,0.0031559686701062286
2020-07-13,Sjlland,2481,9,0.0036275695284159614,0.0030788850953712477
2020-07-14,Sjlland,2082,5,0.0024015369836695487,0.003479434575112701
2020-07-15,Sjlland,2255,4,0.0017738359201773836,0.004712882499737095
2020-07-16,Sjlland,2053,9,0.00438382854359474,0.00483418896480132
2020-07-17,Sjlland,2017,10,0.00495785820525533,0.004703711935289065
2020-07-18,Sjlland,1248,13,0.010416666666666666,0.0046460640801937
2020-07-19,Sjlland,1115,7,0.006278026905829596,0.004788020045207896
2020-07-20,Sjlland,2579,7,0.002714230321830167,0.004523056606325982
2020-07-21,Sjlland,2002,4,0.001998001998001998,0.0039677431215128164
2020-07-22,Sjlland,2168,6,0.0027675276752767526,0.0034928191093547617
2020-07-23,Sjlland,1977,5,0.0025290844714213456,0.00279801914523645
2020-07-24,Sjlland,1868,2,0.0010706638115631692,0.0034695429853409273
2020-07-25,Sjlland,1269,9,0.0070921985815602835,0.004612685557054928
2020-07-26,Sjlland,1414,2,0.0014144271570014145,0.004907968884961256
2020-07-27,Sjlland,2967,22,0.00741489720256151,0.005755355032482161
2020-07-28,Sjlland,2600,26,0.01,0.00632138984110626
2020-07-29,Sjlland,2689,13,0.004834510970621049,0.00653071250269964
2020-07-30,Sjlland,3073,26,0.008460787504067686,0.007028931592315684
2020-07-31,Sjlland,2583,13,0.005032907471931862,0.007124624918788736
2020-08-01,Sjlland,1636,14,0.008557457212713936,0.0065286929573280484
2020-08-02,Sjlland,1836,9,0.004901960784313725,0.006153406464205584
2020-08-03,Sjlland,3587,29,0.008084750487872874,0.006002678695994639
2020-08-04,Sjlland,3603,21,0.005828476269775187,0.005546849809026928
2020-08-05,Sjlland,3624,8,0.002207505518763797,0.0048251697439578665
2020-08-06,Sjlland,4321,32,0.007405693126591067,0.004379083836285188
2020-08-07,Sjlland,3800,7,0.0018421052631578947,0.0036101155437149373
2020-08-08,Sjlland,2282,8,0.0035056967572304996,0.0034694643896904637
2020-08-09,Sjlland,2248,4,0.0017793594306049821,0.0033213081705840255
2020-08-10,Sjlland,3701,10,0.0027019724398811133,0.0023428053705196092
2020-08-11,Sjlland,3716,18,0.004843918191603875,0.002571773460034736
2020-08-12,Sjlland,4272,5,0.0011704119850187266,0.0024226801370163453
2020-08-13,Sjlland,3596,2,5.561735261401557e-4,0.002587597416298857
2020-08-14,Sjlland,4064,14,0.0034448818897637795,0.0023809574650181997
2020-08-15,Sjlland,2437,6,0.0024620434961017644,0.002127854383443891
2020-08-16,Sjlland,2386,7,0.002933780385582565,0.0020857464916636324
2020-08-17,Sjlland,4779,6,0.0012554927809165098,0.002372935354638211
2020-08-18,Sjlland,4557,14,0.0030721966205837174,0.0020581835234246616
2020-08-19,Sjlland,4568,4,8.756567425569177e-4,0.0019352540919782577
2020-08-20,Sjlland,4286,11,0.0025664955669622027,0.0017166438614564378
2020-08-21,Sjlland,4027,5,0.0012416190712689348,0.001704535136656518
2020-08-22,Sjlland,3122,5,0.0016015374759769379,0.00139297356187998
2020-08-23,Sjlland,2850,4,0.0014035087719298245,0.0015614888499217133
2020-08-24,Sjlland,5125,6,0.0011707317073170731,0.0013974808712574071
2020-08-25,Sjlland,4488,4,8.9126559714795e-4,0.0015262291671985797
2020-08-26,Sjlland,4379,9,0.0020552637588490525,0.0014059921591237153
2020-08-27,Sjlland,4935,7,0.0014184397163120568,0.0014791635934566741
2020-08-28,Sjlland,4200,9,0.002142857142857143,0.0015963662699082174
2020-08-29,Sjlland,2632,2,7.598784194528875e-4,0.0019879334839365383
2020-08-30,Sjlland,2610,5,0.0019157088122605363,0.0021485601238829264
2020-08-31,Sjlland,4520,9,0.001991150442477876,0.002408346496489435
2020-09-01,Sjlland,4405,16,0.0036322360953461976,0.002734700329649263
2020-09-02,Sjlland,4403,14,0.003179650238473768,0.003416182518449422
2020-09-03,Sjlland,4634,15,0.0032369443245576176,0.003994258281274646
2020-09-04,Sjlland,5195,23,0.004427333974975939,0.005270313254238864
2020-09-05,Sjlland,3074,17,0.005530253741054001,0.00598210073338159
2020-09-06,Sjlland,3019,18,0.0059622391520370984,0.006145291858532864
2020-09-07,Sjlland,6042,66,0.010923535253227408,0.006771721414954947
2020-09-08,Sjlland,5804,50,0.00861474844934528,0.006609390877996532
2020-09-09,Sjlland,5553,24,0.004321988114532685,0.006494732694169556
2020-09-10,Sjlland,6560,50,0.007621951219512195,0.0061356950226514025
2020-09-11,Sjlland,6381,21,0.003291020216267043,0.005195177586724053
2020-09-12,Sjlland,4865,23,0.00472764645426516,0.00468237432655197
2020-09-13,Sjlland,4929,17,0.003448975451410022,0.005011287934271504
2020-09-14,Sjlland,7143,31,0.0043399132017359655,0.004922392307576043
2020-09-15,Sjlland,7363,37,0.005025125628140704,0.0055038183265744755
2020-09-16,Sjlland,7095,47,0.006624383368569415,0.006317181654893272
2020-09-17,Sjlland,6286,44,0.006999681832643971,0.007211433428131507
2020-09-18,Sjlland,6385,47,0.007361002349256069,0.0078105863338268225
2020-09-19,Sjlland,4606,48,0.010421189752496743,0.008375294517697628
2020-09-20,Sjlland,4738,46,0.009708737864077669,0.009484919582819216
2020-09-21,Sjlland,6562,56,0.00853398354160317,0.0101351972902086
2020-09-22,Sjlland,7574,68,0.008978082915236335,0.01048587775884618
2020-09-23,Sjlland,6601,95,0.014391758824420542,0.01047161125782877
2020-09-24,Sjlland,7012,81,0.011551625784369652,0.010162920153742693
2020-09-25,Sjlland,6622,65,0.009815765629719118,0.010151347070313805
2020-09-26,Sjlland,5135,53,0.010321324245374878,0.009849433292229596
2020-09-27,Sjlland,5167,39,0.007547900135475131,0.009015885647054425
2020-09-28,Sjlland,7453,63,0.008452971957600966,0.00854698830059102
2020-09-29,Sjlland,7575,52,0.006864686468646864,0.008194403246473438
2020-09-30,Sjlland,6895,59,0.008556925308194343,0.0077742246115253145
2020-10-01,Sjlland,6772,56,0.008269344359125812,0.007659684732234045
2020-10-02,Sjlland,5580,41,0.007347670250896057,0.007267279323169795
2020-10-03,Sjlland,4336,32,0.007380073800738007,0.007026802277685824
2020-10-04,Sjlland,4447,30,0.006746120980436249,0.006660509139345505
2020-10-05,Sjlland,7010,40,0.005706134094151213,0.006030255197410195
2020-10-06,Sjlland,7720,40,0.0051813471502590676,0.005770290300950353
2020-10-07,Sjlland,6174,37,0.005992873339812115,0.005820673465733793
2020-10-08,Sjlland,6740,26,0.003857566765578635,0.006143115530540558
2020-10-09,Sjlland,5427,30,0.00552791597567717,0.007408685934901454
2020-10-10,Sjlland,3233,25,0.007732755954222085,0.007512138029296391
2020-10-11,Sjlland,3110,28,0.0090032154340836,0.007936605184508205
2020-10-12,Sjlland,4806,70,0.014565126924677487,0.008841726144664138
2020-10-13,Sjlland,4064,24,0.005905511811023622,0.009603742308064872
2020-10-14,Sjlland,4016,36,0.008964143426294821,0.009700264087234347
2020-10-15,Sjlland,3826,39,0.010193413486670152,0.009800668379473257
2020-10-16,Sjlland,4327,47,0.01086202911948232,0.009337904934727762
2020-10-17,Sjlland,3330,28,0.008408408408408409,0.010244347894671034
2020-10-18,Sjlland,3606,35,0.009706045479755962,0.01075654706928791
2020-10-19,Sjlland,6004,68,0.011325782811459028,0.011153707141286325
2020-10-20,Sjlland,5714,70,0.012250612530626532,0.011388833896044075
2020-10-21,Sjlland,6056,76,0.012549537648612946,0.0127930191117047
2020-10-22,Sjlland,5781,75,0.012973533990659055,0.013622998871939055
2020-10-23,Sjlland,6316,79,0.012507916402786574,0.013886497443558332
2020-10-24,Sjlland,4880,89,0.018237704918032786,0.014324013518898062
2020-10-25,Sjlland,5156,80,0.015515903801396431,0.014930166890674718
2020-10-26,Sjlland,7441,98,0.01317027281279398,0.015250717935487398
2020-10-27,Sjlland,8620,132,0.01531322505800464,0.016034745442148796
2020-10-28,Sjlland,8337,140,0.016792611251049538,0.016059079739207442
2020-10-29,Sjlland,7820,119,0.015217391304347827,0.01587332252714711
2020-10-30,Sjlland,8224,148,0.01799610894941634,0.016833385037107067
2020-10-31,Sjlland,5867,108,0.018408044997443328,0.016551945597843547
2020-11-01,Sjlland,5909,84,0.014215603316974107,0.016736941415676932
2020-11-02,Sjlland,9150,182,0.019890710382513662,0.016576539322488298
2020-11-03,Sjlland,10867,145,0.013343148983160026,0.016162679153064196
2020-11-04,Sjlland,9454,171,0.018087581975883223,0.016054224772564747
2020-11-05,Sjlland,9791,138,0.014094576652027372,0.01601153978613095
2020-11-06,Sjlland,9537,144,0.015099087763447625,0.014785452266909513
2020-11-07,Sjlland,6516,115,0.017648864333947207,0.014859327192093699
2020-11-08,Sjlland,6467,90,0.013916808411937528,0.014622623502007753
2020-11-09,Sjlland,10435,118,0.011308097747963585,0.014385605633933625
2020-11-10,Sjlland,10678,148,0.013860273459449336,0.014859896898619373
2020-11-11,Sjlland,9251,152,0.01643065614528159,0.014890093321273551
2020-11-12,Sjlland,9489,118,0.012435451575508483,0.015378350062134529
2020-11-13,Sjlland,8198,151,0.018419126616247866,0.0159723571728902
2020-11-14,Sjlland,5767,103,0.017860239292526444,0.015845512853850344
2020-11-15,Sjlland,6288,109,0.017334605597964375,0.015636986924667567
2020-11-16,Sjlland,9246,143,0.015466147523253298,0.015898988901317305
2020-11-17,Sjlland,10638,138,0.012972363226170333,0.01596541655209244
2020-11-18,Sjlland,9819,147,0.014970974641002138,0.016070686592228503
2020-11-19,Sjlland,9671,138,0.014269465412056665,0.014534163988008029
2020-03-04,Syddanmark,15,0,0,0.02040816326530612
2020-03-05,Syddanmark,11,0,0,0.06802721088435373
2020-03-06,Syddanmark,11,0,0,0.12807881773399016
2020-03-07,Syddanmark,10,0,0,0.16626835097302833
2020-03-08,Syddanmark,27,9,0.3333333333333333,0.2114364181999191
2020-03-09,Syddanmark,87,49,0.5632183908045977,0.22264089999263617
2020-03-10,Syddanmark,101,27,0.26732673267326734,0.2237569714212076
2020-03-11,Syddanmark,136,43,0.3161764705882353,0.2308291072062147
2020-03-12,Syddanmark,102,8,0.0784313725490196,0.18669438014465836
2020-03-13,Syddanmark,128,1,0.0078125,0.11149315516556157
2020-03-14,Syddanmark,101,5,0.04950495049504951,0.07905625855164324
2020-03-15,Syddanmark,123,3,0.024390243902439025,0.03667564777074551
2020-03-16,Syddanmark,163,6,0.03680981595092025,0.03223363427895826
2020-03-17,Syddanmark,149,6,0.040268456375838924,0.03776208112281208
2020-03-18,Syddanmark,205,4,0.01951219512195122,0.035884750532610206
2020-03-19,Syddanmark,338,16,0.047337278106508875,0.039472565760125984
2020-03-20,Syddanmark,301,14,0.046511627906976744,0.04275439329508769
2020-03-21,Syddanmark,165,6,0.03636363636363636,0.050983519587900976
2020-03-22,Syddanmark,101,5,0.04950495049504951,0.05736594731179211
2020-03-23,Syddanmark,184,11,0.059782608695652176,0.060045186728432065
2020-03-24,Syddanmark,235,23,0.09787234042553192,0.06550059039199432
2020-03-25,Syddanmark,296,19,0.06418918918918919,0.07544732568435174
2020-03-26,Syddanmark,348,23,0.06609195402298851,0.0765384552054671
2020-03-27,Syddanmark,366,31,0.08469945355191257,0.08033995232793334
2020-03-28,Syddanmark,217,23,0.10599078341013825,0.07331269535030736
2020-03-29,Syddanmark,210,12,0.05714285714285714,0.07253246394201722
2020-03-30,Syddanmark,463,40,0.08639308855291576,0.07001795528339398
2020-03-31,Syddanmark,493,24,0.0486815415821501,0.06456009976807069
2020-04-01,Syddanmark,613,36,0.05872756933115824,0.05425093620630826
2020-04-02,Syddanmark,1093,53,0.0484903934126258,0.051411539578091754
2020-04-03,Syddanmark,1355,63,0.04649446494464945,0.04454178528138345
2020-04-04,Syddanmark,473,16,0.03382663847780127,0.041969400287614415
2020-04-05,Syddanmark,322,12,0.037267080745341616,0.036530058085026594
2020-04-06,Syddanmark,1227,47,0.03830480847595762,0.034364763787984816
2020-04-07,Syddanmark,1141,35,0.03067484662576687,0.030500475145098384
2020-04-08,Syddanmark,920,19,0.020652173913043477,0.031132579094015143
2020-04-09,Syddanmark,360,12,0.03333333333333333,0.03093893930324416
2020-04-10,Syddanmark,360,7,0.019444444444444445,0.027973089470839187
2020-04-11,Syddanmark,366,14,0.03825136612021858,0.02658462197897715
2020-04-12,Syddanmark,362,13,0.03591160220994475,0.02556109369357402
2020-04-13,Syddanmark,342,6,0.017543859649122806,0.023227760360240688
2020-04-14,Syddanmark,1193,25,0.020955574182732608,0.02214059965769537
2020-04-15,Syddanmark,1038,14,0.01348747591522158,0.017944081589802773
2020-04-16,Syddanmark,1000,17,0.017,0.014669140272241097
2020-04-17,Syddanmark,845,10,0.011834319526627219,0.012874196481228294
2020-04-18,Syddanmark,338,3,0.008875739644970414,0.010777135973354359
2020-04-19,Syddanmark,308,4,0.012987012987012988,0.008973612666841132
2020-04-20,Syddanmark,1205,6,0.004979253112033195,0.007082856364320122
2020-04-21,Syddanmark,1912,12,0.006276150627615063,0.005699723453653187
2020-04-22,Syddanmark,2318,2,8.628127696289905e-4,0.004919535782891302
2020-04-23,Syddanmark,2125,8,0.0037647058823529413,0.003599580119099603
2020-04-24,Syddanmark,2323,5,0.002152389151958674,0.003071467149904736
2020-04-25,Syddanmark,2343,8,0.0034144259496372174,0.002174874203102584
2020-04-26,Syddanmark,1868,7,0.003747323340471092,0.0023125415243362766
2020-04-27,Syddanmark,3119,4,0.0012824623276691247,0.0018734869533201758
2020-04-28,Syddanmark,2905,0,0,0.0018768320813071812
2020-04-29,Syddanmark,3285,6,0.0018264840182648401,0.001751791967711102
2020-04-30,Syddanmark,2893,2,6.91323885240235e-4,0.0016717090831441218
2020-05-01,Syddanmark,2298,5,0.002175805047867711,0.0016598944717614473
2020-05-02,Syddanmark,2363,6,0.0025391451544646637,0.0019262202414429216
2020-05-03,Syddanmark,1569,5,0.0031867431485022306,0.0017919965188463289
2020-05-04,Syddanmark,3334,4,0.0011997600479904018,0.00194686604433956
2020-05-05,Syddanmark,2682,5,0.0018642803877703207,0.0019726993036891733
2020-05-06,Syddanmark,2255,2,8.869179600886918e-4,0.001609964281622793
2020-05-07,Syddanmark,2253,4,0.001775410563692854,0.0016269702781177516
2020-05-08,Syddanmark,1273,3,0.002356637863315004,0.0020234082857417037
2020-05-09,Syddanmark,1556,0,0,0.0022357549977111177
2020-05-10,Syddanmark,1210,4,0.003305785123966942,0.0024265127494444787
2020-05-11,Syddanmark,3019,12,0.003974826101358066,0.0026559161189833452
2020-05-12,Syddanmark,2686,9,0.0033507073715562173,0.00307980623535348
2020-05-13,Syddanmark,2700,6,0.0022222222222222222,0.00338902083028236
2020-05-14,Syddanmark,2366,8,0.0033812341504649195,0.0033503231505307425
2020-05-15,Syddanmark,2254,12,0.005323868677905945,0.0032217509411171514
2020-05-16,Syddanmark,1386,3,0.0021645021645021645,0.002957016524396466
2020-05-17,Syddanmark,1318,4,0.0030349013657056147,0.0028636458427904908
2020-05-18,Syddanmark,2927,9,0.0030748206354629312,0.002380612392724073
2020-05-19,Syddanmark,2671,4,0.001497566454511419,0.001861270603062421
2020-05-20,Syddanmark,2550,4,0.001568627450980392,0.0015520560081335403
2020-05-21,Syddanmark,1245,0,0,0.001216145384363663
2020-05-22,Syddanmark,2369,4,0.0016884761502743773,8.58471326054485e-4
2020-05-23,Syddanmark,1575,0,0,8.874875857112599e-4
2020-05-24,Syddanmark,1463,1,6.83526999316473e-4,6.633979498569183e-4
2020-05-25,Syddanmark,3502,2,5.711022272986865e-4,7.910059381169833e-4
2020-05-26,Syddanmark,2940,5,0.0017006802721088435,7.677866304989462e-4
2020-05-27,Syddanmark,2709,0,0,9.051492678615837e-4
2020-05-28,Syddanmark,2239,2,8.932559178204555e-4,8.07502553673516e-4
2020-05-29,Syddanmark,1966,3,0.001525940996948118,9.316143510901698e-4
2020-05-30,Syddanmark,1040,1,9.615384615384616e-4,9.059332475786946e-4
2020-05-31,Syddanmark,1172,0,0,9.722550409199865e-4
2020-06-01,Syddanmark,1389,2,0.0014398848092152627,0.001183572658489442
2020-06-02,Syddanmark,2630,4,0.001520912547528517,0.0011637185949270102
2020-06-03,Syddanmark,2154,1,4.6425255338904364e-4,0.0011396447306469602
2020-06-04,Syddanmark,1686,4,0.002372479240806643,0.0011396447306469602
2020-06-05,Syddanmark,1442,2,0.0013869625520110957,0.0013143920215503914
2020-06-06,Syddanmark,1261,1,7.930214115781126e-4,0.0012019680796360947
2020-06-07,Syddanmark,1399,0,0,0.0011918892559235994
2020-06-08,Syddanmark,3004,8,0.002663115845539281,8.529636500940789e-4
2020-06-09,Syddanmark,2725,2,7.339449541284404e-4,7.176757435689566e-4
2020-06-10,Syddanmark,2540,1,3.937007874015748e-4,6.043869704863692e-4
2020-06-11,Syddanmark,2214,0,0,6.043869704863692e-4
2020-06-12,Syddanmark,2273,1,4.399472063352398e-4,2.2394184969504318e-4
2020-06-13,Syddanmark,1454,0,0,1.6906009164511512e-4
2020-06-14,Syddanmark,1382,0,0,2.0940748229836257e-4
2020-06-15,Syddanmark,3077,0,0,2.619284907017239e-4
2020-06-16,Syddanmark,2859,1,3.497726477789437e-4,1.9907888979668964e-4
2020-06-17,Syddanmark,2958,2,6.76132521974307e-4,1.9907888979668964e-4
2020-06-18,Syddanmark,2720,1,3.676470588235294e-4,2.8057184065644026e-4
2020-06-19,Syddanmark,2518,0,0,2.8057184065644026e-4
2020-06-20,Syddanmark,1706,0,0,3.153357210025427e-4
2020-06-21,Syddanmark,1753,1,5.704506560182544e-4,4.499057860556815e-4
2020-06-22,Syddanmark,3629,0,0,4.5658790357736896e-4
2020-06-23,Syddanmark,3372,2,5.931198102016608e-4,5.205919998395298e-4
2020-06-24,Syddanmark,3090,5,0.0016181229773462784,5.205919998395298e-4
2020-06-25,Syddanmark,2413,1,4.144218814753419e-4,5.35558969882644e-4
2020-06-26,Syddanmark,2232,1,4.4802867383512545e-4,6.300099734245567e-4
2020-06-27,Syddanmark,1462,0,0,5.97283356407345e-4
2020-06-28,Syddanmark,1481,1,6.752194463200541e-4,3.6612293107216243e-4
2020-06-29,Syddanmark,3025,2,6.611570247933885e-4,3.0691980514711354e-4
2020-06-30,Syddanmark,2747,1,3.6403349108117945e-4,2.4291570888495276e-4
2020-07-01,Syddanmark,2681,0,0,4.272475061199758e-4
2020-07-02,Syddanmark,2469,0,0,4.2189545693722757e-4
2020-07-03,Syddanmark,2255,0,0,3.7873965729375047e-4
2020-07-04,Syddanmark,1550,2,0.0012903225806451613,3.829778424823783e-4
2020-07-05,Syddanmark,1568,1,6.377551020408163e-4,4.3889061855171017e-4
2020-07-06,Syddanmark,2785,1,3.590664272890485e-4,4.3889061855171017e-4
2020-07-07,Syddanmark,2540,1,3.937007874015748e-4,6.15402739050651e-4
2020-07-08,Syddanmark,2555,1,3.913894324853229e-4,5.925826917954391e-4
2020-07-09,Syddanmark,2227,0,0,5.014748200753224e-4
2020-07-10,Syddanmark,2428,3,0.0012355848434925864,5.461857605701282e-4
2020-07-11,Syddanmark,1769,2,0.0011305822498586771,6.964583570521273e-4
2020-07-12,Syddanmark,1601,0,0,7.456262303812088e-4
2020-07-13,Syddanmark,2976,2,6.720430107526882e-4,0.001041641860006453
2020-07-14,Syddanmark,2767,4,0.0014456089627755693,8.65129739507512e-4
2020-07-15,Syddanmark,2719,2,7.35564545788893e-4,7.036179895277011e-4
2020-07-16,Syddanmark,2413,5,0.0020721094073767096,7.036179895277011e-4
2020-07-17,Syddanmark,2440,0,0,6.53635409199261e-4
2020-07-18,Syddanmark,1871,0,0,4.4711984308846547e-4
2020-07-19,Syddanmark,2103,0,0,4.50799865831006e-4
2020-07-20,Syddanmark,3104,1,3.2216494845360824e-4,4.275164677008799e-4
2020-07-21,Syddanmark,2823,0,0,6.35763031632575e-4
2020-07-22,Syddanmark,2627,2,7.613247049866769e-4,8.415102368997035e-4
2020-07-23,Syddanmark,2619,5,0.0019091256204658267,0.0011066743071681821
2020-07-24,Syddanmark,2744,4,0.0014577259475218659,0.0014931579875997261
2020-07-25,Syddanmark,2083,3,0.0014402304368698992,0.0017128030411931192
2020-07-26,Syddanmark,2155,4,0.0018561484918793504,0.0020028371226856285
2020-07-27,Syddanmark,3303,10,0.003027550711474417,0.0020349829399709985
2020-07-28,Syddanmark,3252,5,0.0015375153751537515,0.0023042291051272924
2020-07-29,Syddanmark,3224,9,0.002791563275434243,0.002432911418839039
2020-07-30,Syddanmark,3280,7,0.002134146341463415,0.002333218942613583
2020-07-31,Syddanmark,3291,11,0.003342449103615922,0.002214836859542668
2020-08-01,Syddanmark,2563,6,0.0023410066328521262,0.0024081731873719955
2020-08-02,Syddanmark,2590,3,0.0011583011583011582,0.0023170391864818407
2020-08-03,Syddanmark,4093,9,0.002198876129978011,0.0024484613122214226
2020-08-04,Syddanmark,4151,12,0.002890869669959046,0.0021073802736153078
2020-08-05,Syddanmark,4179,9,0.0021536252692031586,0.0019110659427032804
2020-08-06,Syddanmark,4584,14,0.0030541012216404886,0.0022257864254909905
2020-08-07,Syddanmark,4189,4,9.548818333731201e-4,0.002264830962105468
2020-08-08,Syddanmark,3103,3,9.668063164679343e-4,0.0021213348637920087
2020-08-09,Syddanmark,2975,10,0.0033613445378151263,0.0020009400286516966
2020-08-10,Syddanmark,4854,12,0.002472187886279357,0.001876555013208358
2020-08-11,Syddanmark,4771,9,0.0018863969817648292,0.001986024807850654
2020-08-12,Syddanmark,5340,7,0.0013108614232209739,0.002203364068296229
2020-08-13,Syddanmark,5496,12,0.002183406113537118,0.0020997424614939107
2020-08-14,Syddanmark,5810,10,0.0017211703958691911,0.001965008761706515
2020-08-15,Syddanmark,4019,10,0.002488181139586962,0.001900043368156513
2020-08-16,Syddanmark,4173,11,0.0026359932901988976,0.0019677394023853204
2020-08-17,Syddanmark,6540,10,0.0015290519877675841,0.001871413291384947
2020-08-18,Syddanmark,6985,10,0.0014316392269148174,0.001924104628172041
2020-08-19,Syddanmark,7284,13,0.0017847336628226248,0.0021099915666332346
2020-08-20,Syddanmark,7289,11,0.001509123336534504,0.0021861692780662917
2020-08-21,Syddanmark,7177,15,0.002090009753378849,0.0020780760781071443
2020-08-22,Syddanmark,5014,19,0.003789389708815317,0.0020601512027291057
2020-08-23,Syddanmark,4733,15,0.003169237270230298,0.0019864800413251483
2020-08-24,Syddanmark,7768,6,7.72399588053553e-4,0.0020569485480288123
2020-08-25,Syddanmark,7656,10,0.0013061650992685476,0.0022108458013921153
2020-08-26,Syddanmark,7880,10,0.0012690355329949238,0.0020975866061993206
2020-08-27,Syddanmark,7491,15,0.002002402883460152,0.002235671187969394
2020-08-28,Syddanmark,6946,22,0.0031672905269219693,0.002537452326583601
2020-08-29,Syddanmark,4672,14,0.0029965753424657533,0.0033194446941777435
2020-08-30,Syddanmark,4594,19,0.00413582934262081,0.003790138835653693
2020-08-31,Syddanmark,7626,22,0.002884867558353003,0.004114581891374282
2020-09-01,Syddanmark,7522,51,0.006780111672427546,0.004105449810165807
2020-09-02,Syddanmark,7888,36,0.004563894523326572,0.004776766182699801
2020-09-03,Syddanmark,8190,35,0.004273504273504274,0.004576703029932655
2020-09-04,Syddanmark,8378,26,0.0031033659584626403,0.004493458846365268
2020-09-05,Syddanmark,6627,51,0.007695789950203712,0.004277327206511266
2020-09-06,Syddanmark,6946,19,0.002735387273250792,0.004331094799276729
2020-09-07,Syddanmark,10425,24,0.002302158273381295,0.0043886049741138885
2020-09-08,Syddanmark,10442,55,0.00526719019344953,0.00444402009725478
2020-09-09,Syddanmark,11133,55,0.0049402676726848106,0.003987201198214374
2020-09-10,Syddanmark,11762,55,0.004676075497364394,0.00436108124586335
2020-09-11,Syddanmark,12030,42,0.003491271820448878,0.004599094916559445
2020-09-12,Syddanmark,9782,44,0.004498057656920875,0.004502488696523783
2020-09-13,Syddanmark,9715,52,0.005352547606793618,0.004740512108343955
2020-09-14,Syddanmark,10836,43,0.003968253968253968,0.005066011458412001
2020-09-15,Syddanmark,10891,50,0.004590946653199889,0.00545722736343713
2020-09-16,Syddanmark,10293,68,0.006606431555426018,0.006029763741744881
2020-09-17,Syddanmark,8915,62,0.006954570947840718,0.00621118787738742
2020-09-18,Syddanmark,8347,52,0.006229783155624775,0.006511454504184659
2020-09-19,Syddanmark,7054,60,0.008505812305075135,0.006930515658735707
2020-09-20,Syddanmark,6342,42,0.006622516556291391,0.007214989466360913
2020-09-21,Syddanmark,9555,58,0.006070120355834641,0.007453803185664114
2020-09-22,Syddanmark,9436,71,0.007524374735057227,0.0077540348444912815
2020-09-23,Syddanmark,9770,84,0.008597748208802457,0.007292887054877373
2020-09-24,Syddanmark,9274,80,0.008626266982963123,0.0070365635715091
2020-09-25,Syddanmark,8642,72,0.00833140476741495,0.007016496126562155
2020-09-26,Syddanmark,7200,38,0.005277777777777778,0.006806169909219757
2020-09-27,Syddanmark,7249,35,0.004828252172713478,0.006740649407745573
2020-09-28,Syddanmark,9950,59,0.00592964824120603,0.006678624180962302
2020-09-29,Syddanmark,9253,56,0.006052091213660435,0.006392095870600966
2020-09-30,Syddanmark,8109,66,0.008139104698483167,0.0069770587411079185
2020-10-01,Syddanmark,7080,58,0.008192090395480226,0.007313124809588461
2020-10-02,Syddanmark,7430,47,0.006325706594885599,0.007373203316994173
2020-10-03,Syddanmark,6295,59,0.009372517871326449,0.0073412844876621225
2020-10-04,Syddanmark,5849,42,0.007180714652077278,0.0071354930440647325
2020-10-05,Syddanmark,9606,61,0.006350197793046013,0.006968744008214661
2020-10-06,Syddanmark,9093,53,0.005828659408336083,0.007620684808374898
2020-10-07,Syddanmark,8360,56,0.0066985645933014355,0.007205467651091919
2020-10-08,Syddanmark,7687,54,0.007024847144529726,0.007267647052118894
2020-10-09,Syddanmark,6612,72,0.010889292196007259,0.00789116307057054
2020-10-10,Syddanmark,4485,29,0.006465997770345597,0.009198849915875414
2020-10-11,Syddanmark,4333,33,0.007615970459266097,0.009877343517115238
2020-10-12,Syddanmark,6813,73,0.010714809922207545,0.010607396929951439
2020-10-13,Syddanmark,6274,94,0.014982467325470195,0.010641379134815802
2020-10-14,Syddanmark,6464,74,0.011448019801980198,0.011708604948908739
2020-10-15,Syddanmark,6922,84,0.012135221034383126,0.012619518854639605
2020-10-16,Syddanmark,6920,77,0.011127167630057803,0.012943696675710508
2020-10-17,Syddanmark,4951,69,0.013936578468996163,0.013092345257105365
2020-10-18,Syddanmark,5503,77,0.013992367799382155,0.013353247611563313
2020-10-19,Syddanmark,8780,114,0.012984054669703872,0.013669471159789249
2020-10-20,Syddanmark,7302,117,0.01602300739523418,0.014019113017421586
2020-10-21,Syddanmark,8588,114,0.01327433628318584,0.013683943681487459
2020-10-22,Syddanmark,9060,130,0.01434878587196468,0.013908878924167334
2020-10-23,Syddanmark,8840,120,0.013574660633484163,0.01403317318636549
2020-10-24,Syddanmark,8369,97,0.011590393117457283,0.013291164754452712
2020-10-25,Syddanmark,8608,134,0.015566914498141264,0.013398969274419652
2020-10-26,Syddanmark,11982,166,0.01385411450509097,0.013332148820178505
2020-10-27,Syddanmark,13113,142,0.010828948371844734,0.012917901748177422
2020-10-28,Syddanmark,13187,185,0.014028967922954425,0.012865084622882729
2020-10-29,Syddanmark,12391,172,0.013881042692276652,0.0127685331828689
2020-10-30,Syddanmark,11616,124,0.010674931129476584,0.012686341206396551
2020-10-31,Syddanmark,8823,99,0.011220673240394424,0.013347604060019546
2020-11-01,Syddanmark,9133,136,0.014891054418044454,0.013458935155078188
2020-11-02,Syddanmark,11974,159,0.013278770669784534,0.013411837578050837
2020-11-03,Syddanmark,11774,182,0.015457788347205707,0.013501547445486265
2020-11-04,Syddanmark,11345,168,0.014808285588364918,0.013529602472354988
2020-11-05,Syddanmark,11069,150,0.013551359653085192,0.013032726044747046
2020-11-06,Syddanmark,11413,129,0.011302900201524578,0.01298852136667851
2020-11-07,Syddanmark,8934,102,0.011417058428475487,0.012238110843779583
2020-11-08,Syddanmark,8762,100,0.011412919424788861,0.012049238141000932
2020-11-09,Syddanmark,12491,162,0.012969337923304779,0.011988915739794326
2020-11-10,Syddanmark,12249,125,0.010204914686913218,0.012530007605227577
2020-11-11,Syddanmark,11864,160,0.013486176668914362,0.014007543508344975
2020-11-12,Syddanmark,10968,144,0.01312910284463895,0.015059298106647027
2020-11-13,Syddanmark,10934,165,0.015090543259557344,0.01551236500749144
2020-11-14,Syddanmark,8410,183,0.021759809750297267,0.016604961516344434
2020-11-15,Syddanmark,7936,149,0.018775201612903226,0.01733611910404481
2020-11-16,Syddanmark,12329,199,0.01614080622921567,0.017950075782211344
2020-11-17,Syddanmark,13219,236,0.017853090248884183,0.01871716009853631
2020-11-18,Syddanmark,12524,233,0.01860427978281699,0.018047964764092372
2020-11-19,Syddanmark,12739,222,0.017426799591804695,0.01672181724233584